name,melakarta,parent,cakram,alternate_names,arohanam,avarohanam,anya_svarams
abhEri (Dikshitar School),,20,,,"S,M1,G2,M1,P,P,Ṡ","Ṡ,N2,D2,P,M1,G2,R2,S",
abhEri,,22,,"karNATaka dEvagAndhAri","S,G2,M1,P,N2,Ṡ","Ṡ,N2,D2,P,M1,G2,R2,S",
abhirAmam,,49,,,"S,R1,M2,P,D1,N1,Ṡ","Ṡ,N1,D1,P,M2,G2,R1,S",
abhiru,,47,,,"S,R1,G2,R1,M2,P,N3,Ṡ","Ṡ,D2,P,M2,G2,R1,G2,S",
abhOgi,,22,,,"S,R2,G2,M1,D2,Ṡ","Ṡ,D2,M1,G2,R2,S",
Adi kApi,,22,,,"S,R2,M1,G2,M1,P,D2,N2,Ṡ","Ṡ,N2,D2,P,M1,G2,R2,S",
Adi pancama,,51,,,"S,R1,P,D1,N3,Ṡ","Ṡ,N3,D1,N3,P,M2,G3,R1,S",
agnikopa,,22,,,"S,G2,M1,P,N2,Ṡ","Ṡ,N2,P,M1,G2,R2,S",
Ahiri,,8,,,"S,R1,S,G3,M1,P,D1,N2,Ṡ","Ṡ,N2,D1,P,M1,G3,R1,S","R2,G2,G3,D2,N3"
alankArapriya,,10,,,"S,R1,G2,M1,D2,N2,Ṡ","Ṡ,N2,D2,M1,G2,R1,S",
alankAri,,53,,,"S,G3,M2,D2,N3,D2,Ṡ","Ṡ,N3,D2,M2,G3,S",
amarasEnapriya,,60,,,"S,R2,M2,P,N2,Ṡ","Ṡ,N3,P,M2,G2,R2,S",
amarasindhu,,34,,,"S,R3,G3,P,D2,N2,Ṡ","Ṡ,N2,D2,P,G3,R3,S",
Ambhojini,,28,,,"S,R2,G3,M1,D2,Ṡ","Ṡ,D2,M1,G3,R2,S",
amrta BehAg,,65,,,"S,M2,G3,P,N3,S","D2,N3,D2,M2,G3,S",
amrtadhanyAsi,,8,,,"S,R1,G2,M1,P,N2,Ṡ","Ṡ,N2,P,M1,G2,R1,S",
amrtavAhiNi,,20,,,"S,R2,M1,P,D1,N2,Ṡ","Ṡ,N2,D1,M1,G2,R2,S",
amrtavarshiNi,,66,,,"S,G3,M2,P,N3,Ṡ","Ṡ,N3,P,M2,G3,S",
amudagAndhAri,,32,,,"S,G3,M1,P,D1,N2,Ṡ","Ṡ,N2,D1,P,M1,G3,R3,S",
amudasurabhi,,14,,,"S,M1,G3,M1,P,D1,Ṡ","Ṡ,N2,D1,P,M1,R1,S",
Anandabhairavi,,20,,,"S,G2,R2,G2,M1,P,D2,P,Ṡ","Ṡ,N2,D2,P,M1,G2,R2,S",
AnandarUpa,,29,,,"S,R2,G3,P,D2,N3,Ṡ","Ṡ,N3,D2,P,G3,R2,S",
Anandavalli,,57,,,"S,G2,M2,P,N3,Ṡ","Ṡ,N3,P,M2,G2,S",
AndaLi,,28,,,"S,R2,M1,P,N2,Ṡ","Ṡ,N2,P,M1,R2,G3,M1,R2,S",
andOLika,,22,,,"S,R2,M1,P,N2,Ṡ","Ṡ,N2,D2,M1,R2,S",
aparUpam,,28,,,"S,R2,G3,M1,P,N2,D2,N2,Ṡ","Ṡ,D2,M1,G3,R2,G3,S",
aprameya,,65,,,"S,R2,M2,P,D2,Ṡ","Ṡ,N3,D2,M2,G3,M2,R2,S",
Arabhi,,29,,,"S,R2,M1,P,D2,Ṡ","S,D2,P,M1,G3,R2,S",
Arabhi,,29,,,"S,R2,M1,P,D2,S","Ṡ,N3,D2,P,M1,G3,R2,S",
ardhradEsi,,15,,,"S,R1,G3,M1,P,D1,N3,Ṡ","Ṡ,D1,P,M1,G3,R1,S",
aruNAngi,,45,,,"S,R1,M2,P,N3,D1,Ṡ","Ṡ,N3,D1,M2,R1,G2,R1,S",
Aryamati,,22,,,"S,R2,G2,P,D2,Ṡ","Ṡ,N2,D2,P,D2,M1,G2,R2,S",
asAveri,,8,,,"S,R1,M1,P,D1,Ṡ","Ṡ,N2,S,P,D1,M1,P,R1,G2,R1,S",R2
aThAna,,29,,,"S,R2,M1,P,N2,Ṡ","Ṡ,N2,D2,P,M1,G2,M1,R2,S","G2,N2"
aymmukhan,,21,,,"S,G2,M1,P,D1,N3,Ṡ","Ṡ,N3,D1,P,M1,G2,S",
ayodhya,,71,,,"S,G3,M2,P,N3,Ṡ","Ṡ,D2,P,M2,G3,M2,R3,S",
bAgeshrI,,22,,,"S,G2,M1,D2,N2,Ṡ","Ṡ,N2,D2,M1,P,D2,G2,M1,R2,S",
bahudAri,,28,,,"S,G3,M1,P,D2,N2,Ṡ","Ṡ,N2,P,M1,G3,S",
bAlacandrika,,22,,,"S,G2,M1,P,D2,N2,Ṡ","Ṡ,N2,D2,M1,G2,R2,S",
balahamsa,,28,,,"S,R2,M1,P,D2,Ṡ","Ṡ,N2,D2,P,M1,R2,M1,G3,S",
bandhuvarALi,,45,,,"S,M2,S,N3,D1,P,M2","D1,M2,G2,R1,S",
bangAla,,29,,,"S,R2,G3,M1,P,M1,R2,P,Ṡ","Ṡ,N3,P,M1,R2,G3,M1,R2,S",
basant bahAr {Hindustani},,22,,,"S,M2,P,G3,M2,N3,D1,N3,S","R2,S,N2,D2,P,M1,G2,M1,G2,R2,S",
basant/Vasant {Hindustani},,51,,,"S,G3,M2,D1,N3,Ṡ","Ṡ,N3,D1,P,M2,G3,M2,N3,D1,M2,G3,R1,S",M1
bEgaDa,,29,,,"S,G3,R2,G3,M1,P,D2,P,Ṡ","Ṡ,N2,D2,P,M1,G3,R2,S",
behAg deSikam,,29,,,"S,R2,G3,M1,M2,P,D2,N3,Ṡ","Ṡ,N3,D2,P,M2,M1,G3,R2,S",
behAg,,29,,,"S,G3,M1,P,N3,D2,N3,Ṡ","Ṡ,N3,D2,P,M1,G3,R2,S","M2,N2"
bhadratODi,,8,,,"S,R1,G2,M1,D1,Ṡ","Ṡ,N2,D1,P,G2,S",
bhAgavatapriya,,22,,,"S,R2,G2,M1,P,N2,Ṡ","Ṡ,N2,D2,P,M1,G2,R2,S",
bhagavataranjana,,64,,,"S,R2,M2,P,D2,N2,Ṡ","Ṡ,N2,D2,P,M2,G3,R2,S",
bhagavatpriya,,22,,,"S,R2,G2,M1,R2,M1,P,D2,N2,Ṡ","Ṡ,N2,D2,P,M1,R2,S",
bhAgyashabari,,10,,,"S,R1,G2,M1,D2,N2,Ṡ","Ṡ,N2,D2,M1,G2,R1,S",
bhairavam,,17,,,"S,R1,G3,M1,P,D2,N3,Ṡ","Ṡ,D2,P,M1,G3,R1,S",
bhairavi,,20,,,"S,G2,R2,G2,M1,P,D2,N2,Ṡ","Ṡ,N2,D1,P,M1,G2,R2,S",
bhaktapriya,,16,,,"S,G3,M1,P,D2,N2,Ṡ","Ṡ,N2,D2,P,M1,R1,M1,G3,S",
bhAnucandrika,,8,,,"S,M1,D1,N2,Ṡ","Ṡ,N2,D1,M1,G1,S",
bhAnudhanyAsi,,45,,,"S,R1,G2,M2,N3,D1,N3","D1,P,M2,G2,R1,S,N3,S",
bhAnukIravAni,,45,,,"S,R1,G2,M2,P,D1,N3,Ṡ","Ṡ,N3,D1,M2,G2,R1,S",
bhAnumanjari,,34,,,"S,R3,G3,M1,P,N2,Ṡ","Ṡ,N2,P,M1,R3,G3,R3,S",
bhAnumati,,4,,,"N2,S,M1,P,N2,Ṡ","Ṡ,N2,D2,P,M1,G2,R2,S",
bhAnupriya,,21,,,"S,R2,G2,D1,N3,Ṡ","Ṡ,N3,D1,G2,R2,S",
bhArati,,19,,,"S,R2,G2,M1,P,Ṡ","Ṡ,P,M1,G2,R2,S",
bhAshiNi,,56,,,"S,G2,R2,G2,M2,P,D1,N2,Ṡ","Ṡ,N2,D1,P,M2,G2,R1,S",
bhaTiyAr {Hindustani},,53,,,"S,D2,P,D2,M2,P,G3,M2,D2,S","R1,N3,D2,P,M2,P,G3,R1,S",M1
bhauli rAmakriya,,15,,,"S,R1,G3,P,D1,Ṡ","Ṡ,N3,P,D1,P,M1,G3,R1,S",
bhauli,,15,,,"S,R1,G3,P,D1,Ṡ","Ṡ,N3,D1,P,G3,R1,S",
bhavAni,,44,,,"S,R1,G2,M2,D1,N2,S","S,N2,D1,M2,G2,R1,S",
bhavAni,,44,,,"S,R1,G2,M2,P,D1,P,N2,Ṡ","Ṡ,N2,D1,P,M2,G2,R1,S",
bhavapriya,44,NULL,Vasu,,"S,R1,G2,M2,P,D2,N3,S","S,N3,D2,P,M2,G2,R1,S",
bhAvini,,15,,,"S,G3,M1,P,D1,N3,Ṡ","Ṡ,N3,D1,P,M1,G3,S",
bhImpalasi {Hindustani},,22,,,"N2,S,G2,M1,P,N2,Ṡ","Ṡ,N2,D2,P,M1,G2,R2,S",
bhinnapancamam,,3,,,"S,R1,G1,M1,P,D1,N3,Ṡ","Ṡ,N3,D1,P,M1,G1,R1,S",
bhinnapauarali,,49,,,"S,M2,P,D1,N1,D1,Ṡ","Ṡ,N1,D1,P,M2,G3,S",
bhinnashadjam,,9,,,"S,R1,G2,R1,P,M1,P,N3,Ṡ","Ṡ,D1,P,M1,G2,R1,S",
bhOgachhAyA nATa,,34,,,"S,R3,G3,R3,G3,M1,P,N2,N2,Ṡ","Ṡ,N2,D2,N2,P,S,N2,P,M1,M1,R3,S",
bhOgasAveri,,37,,,"S,R1,M2,D1,N1","D1,P,M2,G1,R1,S",
bhOgavasanta,,51,,,"S,R1,G3,M2,D1,N3,Ṡ","Ṡ,N3,D1,M2,G3,R1,S",
bhOgi,,7,,,"S,G2,M1,P,D1,N1,D1,Ṡ","Ṡ,N1,D1,P,M1,G2,S",
bhOgISvari,,64,,,"S,R2,G3,P,D2,N2,D2,Ṡ","Ṡ,N2,D2,P,M2,G3,R2,S",
bhujAngini,,16,,,"S,R1,G3,M1,D2,N2,Ṡ","Ṡ,N2,D2,M1,G3,R1,S",
bhUpAlam,,8,,,"S,R1,G2,P,D1,Ṡ","Ṡ,D1,P,G2,R1,S",
bhUpAlapancamam,,39,,,"S,G1,R1,G1,P,M2,D1,Ṡ","Ṡ,P,D1,M2,G1,R1,S",
bhUpAli {Hindustani},,65,,,"S,R2,G3,P,D2,Ṡ","Ṡ,D2,P,G3,R2,S",
bhUpkaLyANi,,65,,,"S,R2,G3,P,D2,Ṡ","Ṡ,N3,D2,P,M2,G3,R2,S",
bhUshAvali,,64,,,"S,R2,G3,M2,P,D2,Ṡ","Ṡ,N2,D2,P,M2,G3,R2,S",
bhUshAvati,,64,,,"S,R2,G3,M2,P,D2,N2,Ṡ","Ṡ,N2,D2,P,M2,G3,R2,S",
bhuvanagAndhAri,,20,,,"S,R2,M1,P,N2,Ṡ","Ṡ,N2,D1,P,M1,G2,S",
bibhAs {Hindustani},,15,,,"S,R1,G3,P,D1,Ṡ","Ṡ,D1,P,M1,R1,S",
bilahari,,29,,,"S,R2,G3,P,D2,Ṡ","Ṡ,N3,D2,P,M1,G3,R2,S",N2
bindumAlini,,16,,,"S,G3,R1,G3,M1,P,N2,Ṡ","Ṡ,N2,S,D2,P,G3,M1,P,G3,R1,S",
brindAvana sAranga {Hindustani},,22,,,"S,R2,M1,P,N3,Ṡ","Ṡ,N2,P,M1,R2,G2,R2,S",N3
brindAvani {Hindustani},,22,,,"S,R2,M1,P,N3,Ṡ","Ṡ,N2,P,M1,R2,S",N3
buddhamanOhari,,29,,,"S,R2,G3,M1,S,P,Ṡ","Ṡ,P,M1,G3,R2,S",
buddharanjani,,29,,,"S,R2,G3,M1,P,Ṡ","Ṡ,N3,P,M1,G3,M1,R2,S",
cakranArAyaNi,,16,,,"S,R1,M1,P,D2,N2,Ṡ","Ṡ,N2,D2,P,M1,R1,S",
cakrapradipta,,22,,,"S,R2,G2,M1,P,M1,D2,N2,Ṡ","Ṡ,N2,D2,M1,G2,S",
cakravAkam,16,NULL,Agni,,"S,R1,G3,M1,P,D2,N2,S","S,N2,D2,P,M1,G3,R1,S",
calanATa,36,NULL,Rutu,,"S,R3,G3,M1,P,D3,N3,S","S,N3,D3,P,M1,G3,R3,S",
cAmaram,,56,,,"S,R2,M2,P,D1,N2,Ṡ","Ṡ,N2,D1,P,M2,G2,R2,S",
candracUda,,15,,,"S,M1,G3,M1,P,D1,Ṡ","Ṡ,N3,D1,P,M1,G3,S",
candrahasitam,,28,,,"S,R2,G3,M1,D2,N2,Ṡ","Ṡ,N2,D2,M1,G3,R2,S",
candrajyoti,,41,,,"S,R1,G1,M2,P,D2,Ṡ","Ṡ,D2,P,M2,G1,R1,S",
candrakAnta,,65,,,"S,R2,G3,M2,P,D2,N3,Ṡ","Ṡ,N3,D2,N3,P,M2,G3,R2,S",
candrarekhA,,57,,,"S,R2,G2,M2,P,D2,Ṡ","Ṡ,N2,D2,M2,G2,R2,S",
candrika,,21,,,"S,R2,G2,P,D1,N3,Ṡ","Ṡ,N3,D1,P,G2,R2,S",
candrikatODi,,8,,,"S,G2,M1,P,D1,Ṡ","Ṡ,D1,P,M1,G2,S",
capagantarva,,20,,,"S,G2,M1,P,N2","D1,M1,G2,R2,S,N2",
cArukEsi,26,NULL,Bana,,"S,R2,G3,M1,P,D2,N2,S","S,N2,D2,P,M1,G3,R2,S",
chAruvardhani,,15,,,"S,R1,M1,P,D1,N3,Ṡ","Ṡ,D1,P,M1,G3,R1,S",
chaturAngini,,66,,,"S,R2,G3,M2,P,N3,Ṡ","Ṡ,N3,D3,N3,P,G3,M2,G3,R2,S",
chenjurutti,,28,,,"D2,S,R2,G3,M1,P,D2,N2","N2,D2,P,M1,G3,R2,S,N2,D2,P,D2,S",G2
chhAyA,,29,,,"S,P,M1,P,D2,P,N3,R2,Ṡ","Ṡ,D2,P,M1,P,D2,P,G3,M1,R2,S",
chhAyagauLa,,15,,,"S,R1,M1,G3,M1,P,N3,Ṡ","Ṡ,N3,D1,P,M1,G3,R1,S",
chhAyalagakhamAs,,28,,,"S,M1,G3,M1,P,D2,N2,Ṡ","Ṡ,N2,D2,P,M1,G3,R2,S",
chhAyanATa,,34,,,"S,R3,G3,M1,P,M1,P,Ṡ","Ṡ,N2,D2,N2,P,M1,R3,S",
chhAyaranjani,,45,,,"S,G2,M2,P,N2,Ṡ","Ṡ,N2,D1,P,M2,G2,S",
chhAyashankarAbharaNam,,29,,,"S,R1,M1,P,D2,N3,Ṡ","Ṡ,N3,D2,P,M1,G3,R1,S",
chhAyatArangini,,28,,,"S,R2,M1,G3,M1,P,N2,Ṡ","Ṡ,N2,D2,P,M1,G3,R2,S",
chhAyAvati,,17,,,"S,R1,G3,M1,D2,N3,Ṡ","Ṡ,N3,D2,P,M1,G3,R1,S",
chirsvarUpi,,26,,,"S,R2,G3,M1,P,D1,N2,Ṡ","Ṡ,N2,D1,P,M1,G3,R2,S",
cintAmaNi,,56,,,"S,G2,R2,G2,M2,G2,R2,G2,P,M2,P,D2,N2,Ṡ","Ṡ,N2,D2,P,M2,G2,R2,S",
cintaramaNi,,52,,,"S,G3,M2,P,D2,N2,Ṡ","Ṡ,D2,P,M2,G3,R1,S",
citracandrika,,63,,,"S,G3,R2,G3,M2,P,N3,D1,Ṡ","Ṡ,N3,D1,M2,G3,R2,S",
citramani,,11,,,"S,R1,M1,P,D2,N3,Ṡ","Ṡ,N3,D2,P,M1,G2,R1,S",
citrAmbari,66,NULL,Rudra,,"S,R2,G3,M2,P,D2,N3,S","S,N3,D2,P,M2,G3,R2,S",
citrasindhu,,66,,,"S,G3,M2,P,N3,Ṡ","Ṡ,N3,D3,P,M2,G3,R2,S",
cittakarSiNi,,7,,,"S,R1,G2,M1,D1,Ṡ","Ṡ,D1,M1,G2,R1,S",
cittaranjani,,19,,,"S,R2,G2,M1,P,D1,N1","N1,D1,P,M1,G2,R2,S",
cUrnikavinOdini,,66,,,"S,R2,G3,M2,P,D3,N3,Ṡ","Ṡ,N3,D3,N3,P,M2,G3,R2,S",
dahAna (Original),,22,,,"S,R2,G2,M1,P,M1,D2,N2,Ṡ","Ṡ,N2,D2,P,M1,G2,G2,R2,G2,R2,S",G3
dahAna,,28,,,"S,R2,G3,M1,P,M1,D2,N2,Ṡ","Ṡ,N2,S,D2,N2,D2,P,M1,G3,M1,R2,G3,R2,S",
dajjananandhi,,63,,,"S,R2,G3,M2,P,D1,N3,Ṡ","Ṡ,N3,D1,M2,G3,R2,S",
dAlagabhairavi,,22,,,"S,R2,M1,P,D2,Ṡ","Ṡ,N2,D2,P,M1,G2,R2,S",
dalanganAta,,15,,,"S,R1,M1,P,D1,Ṡ","Ṡ,D1,P,G3,R1,S",
dalavi,,27,,,"S,G3,R2,G3,M1,P,D1,N3,D1,Ṡ","Ṡ,N3,D1,P,M1,G3,R2,S",
dallapa,,14,,,"S,G3,M1,D1,N2,Ṡ","Ṡ,N2,D1,M1,G3,S",
dAmakannada,,17,,,"S,R2,M1,G2,M1,P,D2,N3,Ṡ","Ṡ,N3,D2,P,M1,R1,S",
dAmanta,,30,,,"S,R2,G3,M1,P,D3,N3,Ṡ","Ṡ,N3,D3,N3,D3,P,M1,G3,R2,S",
dAmantadIpara,,15,,,"S,R1,G3,M1,P,N3,Ṡ","Ṡ,N3,P,M1,G3,R1,S",
dAmantajingala,,32,,,"S,R3,G3,M1,P,D1,N2,Ṡ","Ṡ,N2,P,D1,N2,P,M1,G3,M1,R3,G3,S",
dAmapriya,,21,,,"S,R2,M1,P,D1,Ṡ","Ṡ,D1,P,M1,R2,S",
Damarugapriya,,31,,,"S,R3,G3,P,D1,N1,Ṡ","Ṡ,N1,D1,P,G3,R3,S",
dAmavarALi,,3,,,"S,R1,M1,P,D1,N3,Ṡ","Ṡ,N3,D1,P,M1,G1,R1,G1,S",
damudrapriya,,56,,,"S,G2,M2,P,N2,Ṡ","Ṡ,N2,P,M2,G2,S",
dangrama,,22,,,"S,R2,M1,D2,N2,P,Ṡ","Ṡ,N2,D2,G2,R2,S",
dankari,,29,,,"S,G3,P,N3,Ṡ","Ṡ,N3,P,G3,S",
dankrAndanapriya,,22,,,"S,R2,G2,P,D2,Ṡ","Ṡ,D2,P,G2,R2,S",
danthAna Manjari,,67,,,"S,R3,G3,M2,P,D1,Ṡ","Ṡ,N1,D1,P,M2,R3,S",
dAramati,,20,,,"S,R2,G2,M1,P,D1,N2,Ṡ","Ṡ,N2,D1,M1,G2,S",
dArang {Hindustani},,22,,,"S,R2,M1,P,N2,Ṡ","Ṡ,N2,P,M1,R2,S",
dAranga,,65,,,"S,P,M2,P,D2,N3,Ṡ","S,N3,D2,P,M2,R2,G3,M1,R2,S",M1
darbAr,,22,,,"S,R2,M1,P,D2,N2,S","R2,S,N2,S,D2,P,M1,R2,G2,G2,R2,S",
darbAri kAnaDa,,20,,,"N2,S,R2,G2,R2,S,M1,P,D1,N2,Ṡ","Ṡ,D1,N2,P,M1,P,G2,M1,R2,S",
daSarathipriya,,28,,,"S,M1,G3,M1,P,D2,N2,D2,Ṡ","Ṡ,N2,D2,P,M1,G3,M1,R2,S",
dayaranjani,,28,,,"S,R2,M1,P,D2,Ṡ","Ṡ,N2,D2,M1,G3,S",
dayavati,,22,,,"S,R2,G2,P,N2,Ṡ","Ṡ,N2,P,M1,G2,S",
dESAkshi,,28,,,"S,R2,G3,P,D2,Ṡ","Ṡ,N2,D2,P,M1,G3,R2,S",
dESamukhAri,,48,,,"S,R1,G2,M2,P,D3,N3,D3,Ṡ","Ṡ,D3,N3,D3,P,M2,G2,R1,S",
dESaranjani,,31,,,"S,R3,M1,P,D1,N1,Ṡ","Ṡ,N1,D1,P,M1,R3,S",
deSAvali,,55,,,"S,R2,G2,M2,D1,N1,D1,Ṡ","Ṡ,N1,D1,M2,G2,R2,S",
dEsh {Hindustani},,28,,,"S,R2,M1,P,N3,Ṡ","Ṡ,N2,D2,P,M1,G3,R2,S",N3
dESikatODi,,8,,,"S,G2,M1,P,D1,N2,Ṡ","Ṡ,N2,D1,P,M1,G2,R1,S",
deSisimhAravam,,57,,,"S,R2,G2,M2,P,D2,N2,Ṡ","Ṡ,N2,D2,P,M2,G2,R2,S",
dESyagAnavaridhi,,60,,,"S,R2,G2,M2,P,D3,N3,P,Ṡ","Ṡ,N3,S,P,M2,G2,R2,S",
dESyagauLa,,15,,,"S,R1,P,D1,N3,Ṡ","Ṡ,N3,D1,P,R1,S",
dESyatODi,,31,,,"S,G2,M1,P,D1,N2,Ṡ","Ṡ,N2,D1,P,M1,G2,R1,S",
dEvagAndhAri,,29,,,"S,R2,M1,P,D2,Ṡ","Ṡ,N3,D2,P,M1,G3,R2,S",N2
dEvakriya,,20,,,"S,R2,M1,P,N2,Ṡ","Ṡ,N2,D1,N2,P,M1,G2,R2,S",
dEvaManOhari,,22,,,"S,R2,M1,P,D2,N2,Ṡ","Ṡ,N2,D2,N2,P,M1,R2,S",
dEvamrtavarshiNi,,22,,,"S,R2,G2,M1,N2,D2,N2,Ṡ","Ṡ,N2,D2,P,M1,G2,R2,S",
dEvanATa,,36,,,"S,G3,M1,P,Ṡ","Ṡ,N3,D3,P,M1,G3,R3,S",
dEvaranji,,15,,,"S,M1,P,D1,P,N3,Ṡ","Ṡ,N3,D1,P,M1,S",
dEvasalaga,,25,,,"S,G3,P,D1,N1,Ṡ","Ṡ,N1,D1,P,M1,G3,R2,S",
dEvipriya,,14,,,"S,G3,P,N2,Ṡ","Ṡ,N2,D1,P,M1,G3,R1,S",
dhAlivarALi,,39,,,"S,R1,G1,M2,P,D1,N3,Ṡ","Ṡ,N3,D1,P,M2,G1,R1,S",
dhanakApi,,22,,,"S,R2,M1,P,N2,S,(Varies)","S,N2,D2,N2,P,M1,G2,R2,S",
dhanakAri,,56,,,"S,G2,P,D1,N2,Ṡ","Ṡ,N2,D1,M2,G2,S",
dhanaSrI,,20,,,"N2,S,G2,M1,P,N2,Ṡ","Ṡ,N2,D1,P,M1,G2,R1,S",
dhanyAsi,,8,,,"S,G2,M1,P,N2,Ṡ","Ṡ,N2,D1,P,M1,G2,R1,S",
dharmalakhi,,29,,,"S,M1,P,D2,N3,Ṡ","Ṡ,N3,D2,P,M1,S",
dharmaprakASiNi,,20,,,"S,R2,M1,P,N2,Ṡ","Ṡ,N2,D1,M1,G2,R2,S",
dharmavati,59,NULL,Disi,,"S,R2,G2,M2,P,D2,N3,S","S,N3,D2,P,M2,G2,R2,S",
dharmiNi,,49,,,"S,R1,G3,M2,D1,N1,Ṡ","Ṡ,N1,D1,M2,G3,R1,S",
dhAtuvardani,69,NULL,Aditya,,"S,R3,G3,M2,P,D1,N3,S","S,N3,D1,P,M2,G3,R3,S",
dhaumya,,32,,,"S,R3,G3,M1,P,D1,N2,P,Ṡ","Ṡ,N2,D1,P,M1,G3,R3,S",
dhaureyani,,45,,,"S,R1,G2,M2,N3,Ṡ","Ṡ,N3,D1,P,M2,G2,R1,S",
dhautha Pancamam,,69,,,"S,R3,G3,M2,P,N3,P,Ṡ","Ṡ,N3,D1,P,M2,R3,G3,M2,R3,S",
dhavaLAmbari,49,NULL,Brahma,,"S,R1,G3,M2,P,D2,N3,S","S,N3,D2,P,M2,G3,R1,S",
dhavalAngam,,49,,,"S,R1,G3,M2,P,D1,Ṡ","Ṡ,N1,D1,P,M2,G3,R1,S",
dhENuka,9,NULL,Netra,,"S,R1,G2,M1,P,D1,N3,S","S,N3,D1,P,M1,G2,R1,S",
dhIrahindoLam,,35,,,"S,G3,M1,D2,N3,Ṡ","Ṡ,N3,D2,P,M1,G3,R3,S",
dhIraSankarAbharaNam,29,NULL,Bana,,"S,R2,G3,M1,P,D1,N1,S","S,N1,D1,P,M1,G3,R2,S",
dhunibhinnashadjam,,9,,,"S,R1,G2,R1,P,M1,P,N3,Ṡ","Ṡ,D1,P,M1,G2,R1,S",
dhurvanki,,29,,,"S,R2,M1,P,D2,Ṡ","Ṡ,N3,D2,P,M1,G3,R2,S",
dilIpika vasanta,,20,,,"S,G2,M1,P,D1,P,N2,Ṡ","Ṡ,D1,P,M1,R2,S",
dilIpika,,22,,,"S,R2,G2,M1,P,N2,D2,N2,P,D2,N2,Ṡ","Ṡ,N2,D2,P,M1,G2,R2,S",
dIpakam,,51,,,"S,R2,M2,P,D1,P,Ṡ","Ṡ,N3,D1,N3,P,M2,G3,R1,S",
dIparamu,,10,,,"S,R1,G2,M1,P,D2,N2,Ṡ","Ṡ,N2,D2,N2,P,M1,G2,R1,S",
dIpavarALi,,68,,,"S,R3,M2,P,N2,Ṡ","Ṡ,N2,P,M2,G3,R3,S",
divyagAndhAri,,20,,,"S,G2,M1,P,D1,N2,Ṡ","Ṡ,N2,P,M1,G2,S",
divyamAlati,,8,,,"S,G2,M1,P,D1,N2,Ṡ","Ṡ,N2,D1,P,M1,G2,S",
divyamani,48,NULL,Vasu,,"S,R1,G2,M2,P,D3,N3,S","S,N3,D3,P,M2,G2,R1,S",
drAvida KaLAvati,,34,,,"S,R3,G3,P,D2,Ṡ","Ṡ,N2,D2,P,G3,R3,S",
dundubi,,48,,,"S,R1,G2,M2,P,D3,N3,Ṡ","Ṡ,N3,P,M2,G2,R1,S",
durga,,29,,,"S,R2,M1,D2,P,D2,Ṡ","Ṡ,D2,P,M1,R2,S",
dvaitacintAmaNi,,28,,,"S,G3,M1,D2,N2,S","S,N2,D2,M1,G3,R2,S",
dvaitacintAmaNi,,28,,,"S,G3,M1,D2,N2,S","S,N2,D2,M1,P,G3,R2,S",
dvigAndhArabhUshaNi,,53,,,"S,R1,G2,G3,G2,P,D2,Ṡ","Ṡ,D2,P,G2,G3,G2,R1,S,D2,S",
dvigAndhArabhUshaNi,,64,,,"S,R1,G2,G3,G2,P,D2,Ṡ","Ṡ,D2,P,G2,G3,G2,R1,S,D2,S",
dvijAvanti,,28,,jaijaivanti,"S,R2,M1,G3,M1,P,D2,Ṡ","Ṡ,N2,D2,P,M1,G3,M1,R2,G2,R2,S,N2,D2,N2,S","G2,N3"
dvitIyapancamam,,69,,,"S,R3,G3,M2,P,N3,P,Ṡ","Ṡ,N3,D1,P,M2,R3,M2,G3,R3,S",
EkAkshari,,15,,,"S,R1,G3,M1,P,D1,N3,Ṡ","Ṡ,N1,P,M1,R1,G3,M1,R1,S",
gaganabhUpAlam,,21,,,"S,M1,G2,M1,P,D1,N3","S,N3,D1,M1,G2,R2,S",
gaganamohini,,64,,,"S,G3,P,D2,N2,Ṡ","Ṡ,N2,P,M2,G3,S",
gajagauri,,29,,,"S,R2,M1,G3,M1,N3,P,D2,Ṡ","Ṡ,N3,D2,P,M1,P,M1,G3,R2,S",
gamakakriya,,53,,,"S,R1,G3,M2,P,D2,Ṡ","Ṡ,N3,D2,P,M2,G3,R1,S",
gamakapriya,,51,,,"S,R1,G3,M2,P,N3,D1,Ṡ","Ṡ,D1,P,M2,G3,R1,S",
gamanapriya,,51,,,"S,R1,G3,M2,P,N3,D1,Ṡ","Ṡ,D1,P,M2,G3,R1,S",
gamanASrama,53,NULL,Brahma,,"S,R1,G3,M2,P,D1,N3,S","S,N3,D1,P,M2,G3,R1,S",
gambhIranATa,,36,,,"S,G3,M1,P,N3,Ṡ","Ṡ,N3,P,M1,G3,S",
gambhIravANi,,30,,,"S,G3,P,M1,D3,N3,Ṡ","Ṡ,N3,P,M1,G3,R2,G3,R2,S",
gAnahEmAvati,,46,,,"S,G2,M2,P,N2,Ṡ","Ṡ,N2,D2,P,M2,G2,S",
gAnamukhAri,,2,,,"S,R1,M1,D1,Ṡ","Ṡ,N2,D1,M1,R1,S",
gAnamUrti,3,NULL,Indu,,"S,R1,G1,M1,P,D1,N3,S","S,N3,D1,P,M1,G1,R1,S",
gAnaranjani,,36,,,"S,R3,G3,M1,P,M1,D3,N3,Ṡ","Ṡ,N3,D3,P,M1,P,M1,R3,S",
gAnasAmavarALi,,3,,,"S,R1,M1,P,D1,N3,Ṡ","Ṡ,N3,D1,P,M1,G1,R1,S",
gAnavaridhi,,35,,,"S,M1,R3,G3,M1,P,D2,N2,Ṡ","Ṡ,D2,N2,P,M1,R3,S",
gAndhAralola,,28,,,"S,R2,M1,P,D2,Ṡ","Ṡ,N2,D2,P,M1,G3,M1,G3,R2,S",
gAndharva,,42,,,"M2,P,D3,N3,S,R1,G1","R1,S,N3,P,M2,P",
gangAtarangini,,33,,,"S,R3,G3,M1,P,D1,N3,Ṡ","Ṡ,N3,D1,P,M1,M1,G3,M1,R3,S",
gAngEyabhUshaNi,33,NULL,Rutu,,"S,R3,G3,M1,P,D2,N3,S","S,N3,D2,P,M1,G3,R3,S",
gAra {Hindustani},,22,,,"S,G2,M1,P,D2,N3,Ṡ","Ṡ,N2,D2,P,M1,G3,R2,G2,R2,S,N3,S,N2,D2,S","G3,D1,N3"
garigadya,,56,,,"N2,S,G2,M2,P,D1,N2","D1,P,M2,G2,R2,S",
garuDadhvani,,29,,,"S,R2,G3,M1,P,D2,N3,Ṡ","Ṡ,D2,P,G3,R2,S",
gaudamalhAr,,29,,,"S,R2,M1,P,D2,Ṡ","Ṡ,N3,M1,G3,R2,S",
gauLa kannaDa,,22,,,"S,R2,G2,M1,P,D2,N2,Ṡ","Ṡ,N2,P,M1,G2,S",
gauLa,,15,,,"S,R1,M1,P,N3,Ṡ","Ṡ,N3,P,M1,R1,G3,M1,R1,S",
gaulipantu,,15,,,"S,R1,M1,P,N3,Ṡ","Ṡ,N3,D1,P,M1,D1,M1,G3,R1,S",
gauri,,15,,,"S,R1,M1,P,N3,Ṡ","Ṡ,N3,D1,P,M1,G3,R1,S",
gaurikriya,,59,,,"S,G2,M2,P,D2,N3,Ṡ","Ṡ,N3,D2,N3,P,M2,G2,S",
gaurimanOhari,23,NULL,Veda,,"S,R2,G2,M1,P,D2,N3,S","S,N3,D2,P,M1,G2,R2,S",
gaurishankar,,23,,,"S,R2,G2,M1,P,N3,Ṡ","Ṡ,N3,D2,P,M1,G2,R2,S",
gaurivelAvali,,23,,,"S,R2,G1,G2,S,R2,M1,M1,P,D2,D2,Ṡ","S,N3,D2,P,M1,G1,G2,R2,S",
gaurivelAvali,,23,,,"S,R2,G2,S,R2,M1,P,D2,S","Ṡ,N3,D2,P,M1,G2,R2,S",
gavambOdhi,43,NULL,Vasu,,"S,R1,G2,M2,P,D2,N2,S","S,N2,D2,P,M2,G2,R1,S",
gAvati {Hindustani},,28,,,"S,M1,P,N2,Ṡ","Ṡ,D2,M1,P,G3,M1,R2,N2,S",
gayakamandini,,25,,,"S,R2,G3,M1,P,D1,S","S,D1,P,M1,G3,R2,S",
gAyakapriya,13,NULL,Agni,,"S,R1,G3,M1,P,D1,N1,S","S,N1,D1,P,M1,G3,R1,S",
geya hejjajji,,13,,,"S,R1,M1,G3,M1,P,D1,Ṡ","Ṡ,N3,D1,P,M1,G3,R1,S",
ghanashyAmalA,,5,,,"S,G1,M1,P,D2,Ṡ","Ṡ,D2,N3,P,M1,G1,R1,S",
ghanasindhu,,15,,,"S,M1,G3,M1,P,D1,N3,D1,Ṡ","Ṡ,N3,D1,P,M1,G3,R1,S",
ghanta,,8,,,"S,G2,R2,M1,P,N2,Ṡ","Ṡ,N2,D1,P,M1,G2,R1,S","R2,D2"
ghantana,,57,,,"S,R2,G2,M2,D1,N3,Ṡ","Ṡ,N3,D1,M2,G2,R2,S",
ghoshini,,16,,,"S,M1,G3,M1,P,D2,N2,D2,Ṡ","Ṡ,N2,D2,P,M1,G3,R1,S",
gIrvANi,,43,,,"S,R1,G2,M2,P,D1,N1,Ṡ","Ṡ,N1,D1,P,M2,G2,R1,S",
gItapriya,,63,,,"S,R2,G3,M2,P,D1,N3,Ṡ","Ṡ,N3,D1,P,M2,G3,R2,S",
godari,,39,,,"S,R1,G1,R1,M2,G1,M2,P,D1,N3,Ṡ","Ṡ,N3,D1,P,M2,R1,S",
gomati,,42,,,"S,R1,G1,M2,P,D3,N3","P,M2,G1,R1,S",
gopikathilakam,,56,,,"S,R2,G2,M2,P,N2,Ṡ","Ṡ,N2,P,M2,G2,R2,S",
gopikAvasantam,,20,,,"S,R2,G2,M1,P,D1,P,N2","S,N2,D1,P,M1,G2,R2,S",
gopriya,,62,,,"S,R2,G3,M2,D1,N2,Ṡ","Ṡ,N2,D1,M2,G3,R2,S",
guhamanOhari,,28,,,"S,R2,M1,D2,N2,Ṡ","Ṡ,N2,D2,M1,R2,S",
guhapriya,,16,,,"S,R1,G3,M1,P,P,M1,D2,N2,Ṡ","Ṡ,N2,D2,P,M1,G3,S,R1,S",
guharanjani,,28,,,"S,R2,S,M1,P,D2,N2,Ṡ","Ṡ,N2,D2,N2,P,M1,G3,S",
gummakAmbhOji,,15,,,"S,R1,G3,P,D1,N3,Ṡ","Ṡ,N3,D1,P,M1,G3,R1,S",
guNAvati,,10,,,"S,R1,M1,P,D2,S","S,D2,P,M1,R1,S",
gundakriya,,15,,,"S,R1,M1,P,N3,Ṡ","Ṡ,N3,P,D1,P,M1,G3,R1,S",
gurjari,,15,,,"S,R1,G3,M1,P,D1,N3,Ṡ","Ṡ,D1,N3,P,M1,G3,R1,S",
gurupriya,,64,,,"S,R2,G3,M2,D2,N2,Ṡ","Ṡ,N2,D2,M2,G3,R2,S",
hamIr {Hindustani},,65,,,"S,R2,S,G3,M1,D2,N3,D2,Ṡ","Ṡ,N3,D2,N3,P,G3,M1,D2,M2,P,D2,P,G3,M1,R2,S",M1
hamIr kaLyANi,,65,,,"S,P,M2,P,D2,N3,Ṡ","S,N3,D2,P,G3,M1,G3,R2,S","M1,N2"
hamIr kaLyANi,,65,,,"S,R2,S,P,M2,N3,D2,S,N3,Ṡ","S,N3,D2,P,M2,G,M1,R2,S",
hamIr kaLyANi,,65,,,"S,R2,S,P,M2,P,D2,N3,Ṡ","S,N3,D2,P,M2,G3,M1,G3,R2,Ṡ",
hamsa Abheri,,22,,,"S,G2,P,M1,P,N2,Ṡ","Ṡ,N2,D2,P,M1,G2,S",
hamsabhramari,,57,,,"S,R2,G2,M2,P,D2,Ṡ","Ṡ,N2,D2,P,M2,G2,R2,S",
hamsadhvani,,29,,,"S,R2,G3,P,N3,Ṡ","Ṡ,N3,P,G3,R2,S",
hamsadIpika,,23,,,"S,R2,G2,M1,D2,Ṡ","Ṡ,N3,D2,P,M1,G2,R2,S",
hamsagamini,,52,,,"S,G3,M2,P,D2,N2,Ṡ","Ṡ,N2,D2,P,M2,D2,P,M2,G3,R1,S",
hamsagiri,,72,,,"S,R3,G3,M2,P,D3,N3,Ṡ","Ṡ,N3,P,D3,N3,P,M2,G3,S",
hamsakaLyANi,,65,,,"S,R2,G3,P,N3,Ṡ","Ṡ,N3,D2,P,M2,G3,R2,S",
hamsalatha,,63,,,"S,R2,G3,P,N3,Ṡ","Ṡ,N3,D1,P,M2,G3,R2,S",
hamsanAdam,,60,,,"S,R2,M2,P,D3,N3,Ṡ","S,N3,D3,P,M2,R2,Ṡ",
hamsanAdam,,60,,,"S,R2,M2,P,N3,S","S,N3,P,M2,R2,S",
hamsAnandi,,53,,,"S,R1,G3,M2,D2,N3,Ṡ","Ṡ,N3,D2,M2,G3,R1,S",
hamsanantini,,53,,,"S,G3,M1,P,Ṡ","Ṡ,P,M1,G3,R1,S",
hamsanArAyaNi,,51,,,"S,R1,G3,M2,P,Ṡ","Ṡ,N3,P,M2,G3,R1,S",
hamsapancama,,21,,,"S,G2,M1,P,N3,D1,N3,P,Ṡ","Ṡ,N3,D1,M1,G2,R2,S",
hamsarUpini,,28,,,"S,R2,G3,P,D2,Ṡ","Ṡ,N2,P,M1,R2,S",
hamsavAhini,,21,,,"S,R2,M1,P,D1,N3,Ṡ","Ṡ,N3,D1,P,M1,R2,S",
hamsavinOdini,,29,,,"S,R2,G3,M1,D2,N3,Ṡ","Ṡ,N3,D2,M1,G3,R2,S",
hanumatODi,8,NULL,Netra,,"S,R1,G2,M1,P,D1,N2,S","S,N2,D1,P,M1,G2,R1,S",
haridarpa,,17,,,"S,R1,G3,M1,P,D2,N3,Ṡ","Ṡ,D2,P,M1,R1,S",
haridasapriya,,22,,,"S,P,M1,G3,M1,P,N2,Ṡ","Ṡ,N2,D2,N2,P,M1,G2,R2,S",
haridasapriya,,28,,,"S,P,M1,G3,M1,P,N2,Ṡ","Ṡ,N2,D2,N2,P,M1,G2,R2,S",
harikAmbhOji,28,NULL,Bana,,"S,R2,G3,M1,P,D3,N3,S","S,N3,D3,P,M1,G3,R2,S",
harikEdAragauLa,,28,,,"S,R2,G3,M1,P,D2,N2,Ṡ","Ṡ,N2,D2,P,M1,G3,R2,S",
harikEdAram,,28,,,"S,R2,G3,M1,P,D2,N2,S,N2,Ṡ","Ṡ,N2,S,D2,N2,D2,P,M1,G3,R2,S",
harinArAyaNi,,22,,,"S,R2,G2,M1,P,M1,D2,N2,Ṡ","Ṡ,N2,P,M1,G2,R2,S",
hariNi,,28,,,"S,G3,M1,P,D2,N2,D2,Ṡ","Ṡ,N2,S,N2,D2,P,M1,G3,M1,G2,R2,S",
haripriya,,27,,,"S,R1,G3,M1,P,Ṡ","Ṡ,N3,D1,P,M1,G3,S",
haritapriya,,28,,,"S,R2,M1,P,D2,Ṡ","Ṡ,N2,D2,P,M1,G3,R2,G3,R2,S",
hAtakAmbari,18,NULL,Agni,,"S,R1,G3,M1,P,D3,N3,S","S,N3,D3,P,M1,G3,R1,S",
hejjajji,,13,,,"S,R1,G3,M1,P,D1,Ṡ","Ṡ,N1,D1,P,M1,G3,R1,S",
hemAmbari,,57,,,"S,R2,G2,M2,P,D2,N2,Ṡ","Ṡ,P,M2,G2,R2,S",
hemAngi,,54,,,"S,R1,G3,M2,D3,Ṡ","Ṡ,D3,M2,G3,R1,S",
hemant {Hindustani},,29,,,"N3,S,D2,N3,S,G3,G3,M1,D2,N3,Ṡ","Ṡ,N3,D2,P,M1,G3,R2,S",
hemapriya,,57,,,"S,R2,G2,M2,D2,Ṡ","Ṡ,D2,M2,G2,R2,S",
hemasAranga,,28,,,"S,R2,G3,M1,P,D2,N2,D2,Ṡ","Ṡ,P,M1,G3,R2,S",
hEmavati,58,NULL,Disi,,"S,R2,G2,M2,P,D2,N2,S","S,N2,D2,P,M2,G2,R2,S",
hindoLadarbAr,,32,,,"S,G3,M1,P,Ṡ","Ṡ,N2,D1,P,M1,R3,S",
hindoLadeSikam,,10,,,"S,M1,R1,G2,M1,P,D2,N2,Ṡ","Ṡ,P,N2,D2,M1,G2,R1,S",
hindoLam,,20,,,"S,G2,M1,D1,N2,Ṡ","Ṡ,N2,D1,M1,G2,S",
hindoLavasanta,,20,,,"S,G2,M1,P,D1,N2,D1,Ṡ","Ṡ,N2,D1,P,M1,D2,M1,G2,S",
hindustAni KApi,,22,,,"S,R2,M1,P,N2,Ṡ","Ṡ,N2,D2,N2,P,M1,G2,M1,D2,P,G2,R2,S,N2,S","G3,D1,N3"
hindustAni tODi,,45,,,"N3,R1,G2,M2,D1,N3,Ṡ","Ṡ,N3,D1,P,M2,G2,R1,S",
hrdhini,,64,,,"S,G3,M2,P,N2,Ṡ","Ṡ,N2,P,M2,G3,S",
hrudkamali,,23,,,"S,R2,M1,D2,N3,Ṡ","Ṡ,N3,D2,M1,R2,S",
husEni,,22,,,"S,R2,G2,M1,P,N2,D2,N2,S","Ṡ,N2,D1,P,M1,G2,R2,S",D1
husEni,,22,,,"S,R2,G3,M1,P,N3,D2,M1,P,N3,Ṡ","S,N3,S,P,D2,M1,P,G3,R2,S",
indudhanyAsi,,46,,,"S,G2,M2,D2,N2,Ṡ","Ṡ,N2,D2,P,D2,M2,G2,R1,S",
indughantarava,,20,,,"S,G2,M1,P,D1,P","N2,D1,P,M1,G2,R2,S,N2",
indumati,,51,,,"S,G3,M2,D1,N3,Ṡ","Ṡ,N3,D1,P,M2,G3,S",
ISaivaridhi,,28,,,"S,R2,M1,D2,N2,Ṡ","Ṡ,N2,P,M1,R2,S",
ISAmanOhari,,28,,,"S,R2,G3,M1,P,D2,N2,Ṡ","Ṡ,N2,D2,P,M1,R2,M1,G3,R2,S",
ishtArangiNi,,72,,,"S,R3,M2,P,N3,Ṡ","Ṡ,N3,D3,P,M2,G3,R3,S",
jaganmohana,,38,,,"S,R1,G1,M2,P,D2,Ṡ","Ṡ,N2,D1,P,M2,G1,R1,S",
jaganmohinam,,38,,,"S,R1,G1,M2,P,D1,N2,Ṡ","Ṡ,N2,D1,P,M2,G1,R1,S",
jaganmohini,,15,,,"S,G3,M1,P,N3,Ṡ","Ṡ,N3,P,M1,G3,R1,S",
jaijaivanti {Hindustani},,28,,,"S,D2,N2,R2,S,R2,G3,M1,P,M1,G3,M1,G3,R2,M1,P,N3,Ṡ","Ṡ,N2,D2,P,D2,M1,G3,M1,R2,G2,R2,S,N3,S","G2,N3"
jaithsri,,28,,,"S,R2,G3,P,D2,Ṡ","Ṡ,D2,P,G3,R2,S",
jAlakesari,,45,,,"S,R1,M2,P,D1,N3,Ṡ","Ṡ,D1,P,M2,R1,S",
jalarnavam,38,NULL,Rishi,,"S,R1,G1,M2,P,D1,N2,S","S,N2,D1,P,M2,G1,R1,S",
jAlasugandhi,,39,,,"S,R1,G1,M2,P,D1,Ṡ","Ṡ,D1,P,M2,G1,R1,S",
jalmika,,19,,,"S,R2,G1,M1,P,D1,N1,Ṡ","Ṡ,N1,D1,P,M1,G1,S,R2,S",
jana Ranjani,,29,,,"S,R2,G3,M1,P,D2,P,N3,Ṡ","Ṡ,D2,P,M1,R2,S",
jana Sammodhini,,28,,,"S,R2,G3,P,D2,N2,Ṡ","Ṡ,N2,D2,P,G3,R2,S",
janatODi,,8,,,"S,R1,G2,M1,P,D1,N2,Ṡ","Ṡ,N2,D1,P,M1,G2,R1,S",
janAvali,,39,,,"S,G2,R1,G2,M2,P,D1,N3,D1,Ṡ","Ṡ,N3,D1,P,M2,G2,R1,S",
jatAdhAri,,22,,,"S,R2,M1,P,D2,N2,Ṡ","Ṡ,N2,D2,P,M1,R2,S",
jaunpuri {Hindustani},,20,,,"S,R2,M1,P,D1,N2,Ṡ","Ṡ,N2,D1,P,M1,G2,R2,S",
jayacUdAmani,,57,,,"S,G2,M2,P,D1,Ṡ","Ṡ,N3,D1,P,M2,G2,R2,S",
jayamanOhari,,22,,,"S,R2,G2,M1,D2,Ṡ","Ṡ,N2,D2,M1,G2,R2,S",
jayanArAyaNi,,22,,,"S,R2,G2,M1,P,D2,Ṡ","Ṡ,N2,D2,P,M1,G2,R2,S",
jayantasEna,,22,,,"S,G2,M1,P,D2,Ṡ","Ṡ,N2,D2,P,M1,G2,S",
jayantasrI,,20,,,"S,G2,M1,D1,N2,Ṡ","Ṡ,N2,D1,M1,P,M1,G2,S",
jayarAma,,28,,,"S,R2,G3,M1,P,D2,N2,Ṡ","Ṡ,N2,D2,P,M1,G3,S",
jayasamvardhani,,17,,,"S,G3,M1,P,D2,N3,Ṡ","Ṡ,N3,P,M1,G3,R1,S",
jayasri,,21,,,"S,R2,G2,M1,P,D1,N3,D1,Ṡ","Ṡ,N3,D1,P,M1,G2,R2,S",
jayaSuddhamAlavi,,18,,,"S,R1,G3,M1,P,N3,Ṡ","Ṡ,N3,D3,P,M1,G3,R1,S",
jhalavaraLi,39,NULL,Rishi,,"S,R1,G1,M2,P,D1,N3,S","S,N3,D1,P,M2,G1,R1,S",
jhankAradhvani,19,NULL,Veda,,"S,R2,G2,M1,P,D1,N1,S","S,N1,D1,P,M1,G2,R2,S",
jhinjoTi {Hindustani},,28,,,"D2,S,R2,G3,M1,P,D2,N2","D2,P,M1,G3,R2,S,N2,D2,P,D2,S",
jingaLa,,20,,,"S,R2,G2,M1,P,D1,N2,D1,P,Ṡ","Ṡ,N2,D1,P,M1,G2,R2,S",
jIvanthikA,,48,,,"S,M2,P,D3,N3,Ṡ","Ṡ,N3,P,M2,G2,S",
jIvanthini,,48,,,"S,M2,P,D3,N3,Ṡ","Ṡ,N3,P,M2,G2,S",
jIvantikA,,17,,,"S,R1,M1,P,D2,N3,Ṡ","Ṡ,N3,D2,P,M1,R1,S",
jnAnacintAmaNi,,11,,,"S,R1,M1,D2,N3,Ṡ","Ṡ,N3,D2,P,M1,R1,S",
jOg {Hindustani},,22,,,"S,G3,M1,P,N2,Ṡ","Ṡ,N2,P,M1,G3,M1,G2,S",G2
jujahuli,,28,,,"S,M1,G3,M1,P,D2,N2,Ṡ","Ṡ,N2,D2,P,M1,G3,S",
julavu,,29,,,"P,D2,N3,S,R2,G3,M1,P","M1,G3,R2,S,N3,D2,P,M1",
jyoti,,68,,,"S,R3,G3,M2,P,D1,N2,Ṡ","Ṡ,N2,D1,P,M2,G3,S",
jyotiSmati,,68,,,"S,R3,G3,M2,P,Ṡ","Ṡ,N2,D1,M2,P,M2,G3,R3,S",
jyotisvarUpini,68,NULL,Aditya,,"S,R3,G3,M2,P,D1,N2,S","S,N2,D1,P,M2,G3,R3,S",
kadanakutUhalam,,29,,,"S,R2,M1,D2,N3,G3,P,Ṡ","Ṡ,N3,D2,P,M1,G3,R2,S",
kadaram,,21,,candrakauns,"S,G2,M1,D1,N3,Ṡ","Ṡ,N3,D1,M1,G2,S",
kaikavashi,,60,,,"S,R2,G2,M2,P,D3,N3,Ṡ","Ṡ,N3,P,M2,G2,R2,S",
kalAhamsa,,31,,,"S,R3,G3,M1,P,D1,Ṡ","Ṡ,N1,D1,P,M1,G3,R3,S",
kalAkAnti,,13,,,"S,R1,G3,M1,D1,N1,Ṡ","Ṡ,N1,D1,P,G3,R1,S",
kalAnidhi,,22,,,"S,R2,G2,M1,S,P,M1,D2,N2,Ṡ","Ṡ,N2,D2,P,M1,G2,R2,S",
kalAsAveri,,8,,,"S,R1,G2,P,N2,Ṡ","Ṡ,N2,P,G2,R1,S",
kaLAvati,,16,,,"S,R1,M1,P,D2,Ṡ","Ṡ,D2,P,M1,G3,S,R1,S",
kaLAvati,,31,,,"S,R3,G3,M1,P,D1,N1,Ṡ","Ṡ,N1,D1,P,M1,G3,R3,S",
kalika,,22,,,"S,R2,G2,P,D2,N2,Ṡ","Ṡ,N2,D2,P,G2,R2,S",
kalindaja,,14,,,"S,R1,G3,M1,P,N2,Ṡ","Ṡ,N2,P,M1,G3,R1,S",
kalkada,,13,,,"S,R1,G3,P,D1,N1,S","Ṡ,N1,D1,P,G3,R1,S",
kalkada,,13,,,"S,R1,G3,P,D1,Ṡ","Ṡ,N1,D1,P,G3,R1,S",
kallola,,18,,,"S,P,D3,N3,Ṡ","Ṡ,N3,D3,P,M1,G3,R1,S",
kalpanadhAriNi,,13,,,"S,G3,M1,P,D1,Ṡ","Ṡ,N1,D1,P,M1,G3,R1,S",
kaLyANadAyini,,65,,,"S,R2,G3,M2,D2,N3,Ṡ","Ṡ,N3,D2,M2,G3,R2,S",
kaLyAnakesari,,15,,,"S,R1,G3,P,D1,Ṡ","Ṡ,D1,P,G3,R1,S",
kaLyANavasantam,,21,,,"S,G2,M1,D1,N3,Ṡ","Ṡ,N3,D1,P,M1,G2,R2,S",
kamalAmanOhari,,27,,,"S,G3,M1,P,N3,Ṡ","Ṡ,N3,D1,P,M1,G3,S",
kamalAptapriya,,51,,,"S,R1,G3,M2,P,D1,Ṡ","Ṡ,D1,P,M2,G3,R1,S",
kamaripriya,,29,,,"S,G3,M1,D2,N3,Ṡ","Ṡ,N3,D2,M1,M1,G3,M1,R2,S",
kAmavardhini,51,NULL,Brahma,pantuvarALi,"S,R1,G3,M2,P,D1,N1,S","S,N1,D1,P,M2,G3,R1,S",
kAmbhOji,,28,,,"S,R2,G3,M1,P,D2,Ṡ","S,N2,D2,P,M1,G3,R2,S,N3,P,D2,Ṡ",N3
kanadA,,22,,,"S,R2,G2,M1,D2,N2,Ṡ","Ṡ,N2,P,M1,G2,M1,R2,S",
kanakadri,,10,,,"S,R1,G2,P,D2,Ṡ","Ṡ,N2,D2,P,M1,G2,R1,S",
kanakakusumAvali,,61,,,"S,R2,G3,M2,P,D2,Ṡ","Ṡ,D2,P,M2,G3,R2,S",
kanakAmbari,,1,,,"S,R1,M1,P,D1,Ṡ","Ṡ,N1,D1,P,M1,G1,R1,S",
kanakangi,1,NULL,Indu,,"S,R1,G1,M1,P,D1,N1,S","S,N1,D1,P,M1,G1,R1,S",
kanakasAveri,,8,,,"S,R1,M1,P,D1,Ṡ","Ṡ,N2,D1,P,M1,G2,R1,S",
kanakatODi,,1,,,"S,R1,G1,M1,P,D1,Ṡ","Ṡ,N1,D1,P,M1,R1,S",
kanakavasantam,,20,,,"S,G2,M1,P,N2,D1,Ṡ","Ṡ,N2,D1,P,M1,G2,R2,S",
kananapriya,,63,,,"S,R2,G3,M2,P,M2,D1,N3,Ṡ","Ṡ,D1,N3,P,M2,G3,R2,S",
kanchanabhauli,,43,,,"S,G2,M2,P,D1,Ṡ","Ṡ,N1,D1,P,M1,G2,R1,S",
kanchanAvati,,44,,,"S,R1,G2,M2,P,N2,Ṡ","Ṡ,N2,P,M2,G2,R1,S",
kannaDa,,29,,,"S,R2,G3,M1,P,M1,D2,N3,Ṡ","Ṡ,N3,S,D2,P,M1,G3,M1,G3,M1,R2,S",
kannaDabangAla,,15,,,"S,R1,M1,G3,M1,D1,P,D1,Ṡ","Ṡ,D1,P,M1,G3,R1,S",
kannaDagauLa,,22,,,"S,R2,G2,M1,P,N2,Ṡ","Ṡ,N2,D2,P,M1,G2,S",
kannaDamaruva,,65,,,"S,G3,M2,P,D2,N3,Ṡ","Ṡ,N3,D2,P,M2,G3,S",
kAntAmaNi,61,NULL,Rudra,,"S,R2,G3,M2,P,D3,N3,S","S,N3,D3,P,M2,G3,R2,S",
KApi nArAyaNi,,28,,,"S,R2,M1,P,D2,N2,Ṡ","Ṡ,N2,D2,P,M1,G3,R2,S",
kApi,,22,,,"S,R2,M1,P,N3,Ṡ","Ṡ,N2,D2,N2,P,M1,G2,R2,S","G3,D1,N3"
kApijingala,,22,,,"S,N2,S,R2,G2,M1","M1,G2,R2,S,N2,D2,N2,S",
karmukhAvati,,59,,,"S,R2,G2,M2,D2,N3,Ṡ","Ṡ,N3,D2,M2,G2,R2,S",
karnaranjani,,22,,,"S,R2,G2,M1,G2,P,D2,Ṡ","Ṡ,N2,D2,P,M1,G2,R2,S",
karNATaka behAg,,28,,,"S,R2,G3,M1,P,D2,N2,Ṡ","Ṡ,N2,D2,N2,P,D2,M1,G3,R2,S",
karNATaka dEvagAndhAri,,22,,,"S,G2,M1,P,N2,Ṡ","Ṡ,N2,D2,P,M1,G2,R2,S",
karNATaka kApi,,22,,,"S,R2,G2,M1,P,D2,N2,Ṡ","Ṡ,N2,D2,P,M1,G2,R2,S",
karNATaka khamAs,,28,,,"S,G3,M1,P,D2,N2,Ṡ","Ṡ,N2,D2,P,M1,G3,S",
karNATaka sAranga,,15,,,"S,R1,G3,M1,P,D1,N3,Ṡ","Ṡ,N3,D1,P,M1,R1,S",
karNATaka Suddha sAvEri,,1,,,"S,R1,M1,P,D1,Ṡ","Ṡ,D1,P,M1,R1,S",
karpUra Bharani,,59,,,"S,R2,G2,P,M2,P,D2,Ṡ","Ṡ,D2,P,M2,P,G2,R2,S",
karunAkari,,63,,,"S,M2,P,D1,N3,D1,Ṡ","Ṡ,N3,D1,P,M2,S",
karunAmritavarshini,,39,,,"S,R1,G1,M2,P,D1,N3,P,Ṡ","Ṡ,N3,D1,M2,G1,R1,S",
kAshirAmakriyA,,51,,,"S,G3,R1,G3,M2,P,D1,N3,Ṡ","Ṡ,N3,D1,P,M1,G3,R1,S",
kAtyAyani,,20,,,"S,R2,G2,P,D1,Ṡ","Ṡ,D1,P,G2,R2,S",
kaumAri,,11,,,"S,R1,G2,M1,P,D2,Ṡ","Ṡ,N3,D2,P,M1,G2,R1,S",
kaumoda,,65,,,"S,R2,G3,M2,N3,Ṡ","Ṡ,N3,P,M2,G3,S",
kaumodaki,,22,,,"S,R2,G2,M1,P,D2,N2,Ṡ","Ṡ,D2,P,G2,S",
kaushika,,22,,,"S,G2,M1,D2,N2,Ṡ","Ṡ,N2,D2,M1,G2,M1,R2,S",
kedAr {Hindustani},,65,,,"S,*M1(G3)P,D2,N3,Ṡ","Ṡ,N3,D2,P,M2,P,*M1,S,R2,S",M1
kEdAragauLa,,28,,,"S,R2,M1,P,N2,Ṡ","Ṡ,N2,D2,P,M1,G3,R2,S",
kedaram,,29,,,"S,M1,G3,M1,P,N3,Ṡ","Ṡ,N3,P,M1,G3,R2,S",
kEsari,,25,,,"S,R2,G3,M1,P,M1,D1,P,D1,Ṡ","Ṡ,D1,N1,D1,P,M1,G2,R2,S",
keSavapriya,,28,,,"S,R2,S,M1,P,D2,N2,Ṡ","Ṡ,N2,S,P,M1,G3,R2,S",
khamAj {Hindustani},,28,,,"S,G3,M1,P,D2,N3,Ṡ","Ṡ,N2,D2,P,M1,G3,R2,S",N3
khamAs,,28,,,"S,M1,G3,M1,P,D2,N2,Ṡ","Ṡ,N2,D2,P,M1,G3,R2,S",N3
kharaharapriya,22,NULL,Veda,,"S,R2,G2,M1,P,D2,N2,S","S,N2,D2,P,M1,G2,R2,S",
kiraNAvaLi,,21,,,"S,R2,G2,M1,P,D1,N3,Ṡ","Ṡ,P,M1,G2,R2,S",
kIravANi,21,NULL,Veda,,"S,R2,G2,M1,P,D1,N3,S","S,N3,D1,P,M1,G2,R2,S",
kOkila,,16,,,"S,R1,G3,M1,D2,N2,Ṡ","Ṡ,N2,D2,M1,G3,R1,S",
kOkilabhAshani,,29,,,"S,R2,G3,M1,P,D2,N3,Ṡ","Ṡ,N3,P,M1,G3,M1,R2,S",
kOkiladhvani,,28,,,"S,R2,G3,M1,D2,N2,D2,Ṡ","Ṡ,N2,D2,N2,P,M1,G3,R2,S",
kOkilanandi,,56,,,"S,G2,M2,D1,N2,Ṡ","Ṡ,N2,D1,P,M2,G2,S",
kOkilapancamam,,39,,,"S,G1,R1,G1,P,D1,N3,Ṡ","Ṡ,N3,D1,P,M2,G1,R1,S",
kOkilapriya,11,NULL,Netra,,"S,R1,G2,M1,P,D2,N3,S","S,N3,D2,P,M1,G2,R1,S",
kOkilAravam,,11,,,"S,R1,M1,P,D2,N3,Ṡ","Ṡ,N3,D2,P,M1,G2,R2,S",
kOkilavarALi,,28,,,"S,R2,M1,P,D2,Ṡ","Ṡ,N2,D2,M1,P,M1,G3,R2,G3,S",
kolahalam,,29,,,"S,P,M1,G3,M1,P,D2,N3,Ṡ","Ṡ,N3,D2,P,M1,G3,R2,S",
koSalam,71,NULL,Aditya,,"S,R3,G3,M2,P,D2,N3,S","S,N3,D2,P,M2,G3,R3,S",
kshaNika,,20,,,"S,G2,M1,P,D1,Ṡ","Ṡ,D1,P,M1,G2,S",
kshEmakari,,57,,,"S,R2,M2,D2,N2,Ṡ","Ṡ,N2,D2,M2,R2,S",
kumbhiNi,,41,,,"S,G1,R1,G1,M2,P,N3,D2,N3,Ṡ","Ṡ,N3,D2,P,M2,G1,R1,S",
kumudhacandrika,,45,,,"S,G2,M2,D1,Ṡ","Ṡ,N3,D1,M2,G2,R1,S",
kumudhakriyA,,51,,,"S,R1,G3,M2,D1,Ṡ","Ṡ,N3,D1,M2,G3,R1,S",
kunjari,,5,,,"S,R1,M1,P,D2,P,Ṡ","Ṡ,N3,D2,P,M1,G1,R1,S",
kuntalam,,61,,,"S,R2,G3,M2,P,D1,Ṡ","Ṡ,N1,D1,P,M2,G3,R2,S",
kuntalaSrIkAnti,,65,,,"S,G3,M2,P,D2,N3,Ṡ","Ṡ,N3,P,M2,G3,R2,S",
kuntalavarALi,,28,,,"S,M1,P,D2,N2,D2,Ṡ","Ṡ,N2,D2,P,M1,S",
kurinji,,29,,,"S,N3,S,R2,G3,M1,P,D2","D2,P,M1,G3,R2,S,N3,S",
kusumAkaram,,71,,,"S,R3,G3,M2,P,D2,N3,Ṡ","Ṡ,N3,D2,P,M2,G3,R3,S",
kusumamAruta,,17,,,"S,M1,P,D2,N3,Ṡ","Ṡ,N3,D2,P,M1,G3,R1,G3,M1,S",
kusumAvali,,21,,,"S,G2,M1,P,D1,Ṡ","Ṡ,N3,D1,P,M1,G2,M1,R1,S",
kusumavicitra,,29,,,"S,G3,R2,G3,M1,P,N3,P,D2,N3,Ṡ","Ṡ,D2,N3,D2,M1,G3,P,M1,G3,R2,S",
kutuhala,,29,,,"S,R2,M1,N3,D2,P,N3,Ṡ","Ṡ,N3,D2,P,M1,G3,R2,S",
kuvalayabharaNam,,14,,,"S,R1,G3,M1,D1,N1,Ṡ","Ṡ,N1,D1,M1,G3,R1,S",
lahari,,29,,,"S,R2,G3,P,D2,Ṡ","Ṡ,D2,P,M1,G3,R2,S",
lalitA,,15,,,"S,R1,G3,M1,D1,N3,Ṡ","Ṡ,N3,D1,M1,G3,R1,S",
lalitabhairavi,,19,,,"S,G2,M1,P,D1,Ṡ","Ṡ,N1,D1,P,M1,G2,R2,S",
lalitagAndharva,,30,,,"S,R2,G3,M1,P,D3,N3,Ṡ","Ṡ,N3,P,G3,R2,S",
lalitAmanOhari,,22,,,"S,G2,M1,P,D2,N2,Ṡ","Ṡ,N2,P,M1,G2,R2,S",
lalitAngi,,63,,,"S,R2,G3,M2,D1,N3,Ṡ","Ṡ,N3,D1,M2,G3,R2,S",
lalitapancamam,,15,,,"S,R1,G3,M1,D1,N3,Ṡ","Ṡ,N3,D1,M1,P,M1,G3,R1,S",
lalitasimharavam,,59,,,"S,R2,G2,M2,P,Ṡ","Ṡ,N3,P,M2,G2,R2,S",
latAngi,63,NULL,Rudra,,"S,R2,G3,M2,P,D1,N2,S","S,N2,D1,P,M2,G3,R2,S",
latAntapriya,,1,,,"S,R1,G1,M1,P,D1,Ṡ","Ṡ,D1,P,M1,R1,S",
lavangi,,1,,,"S,R1,M1,D1,Ṡ","Ṡ,D1,M1,R1,S",
lavantika,,23,,,"S,R2,M1,P,N3,Ṡ","Ṡ,N3,P,M1,R2,S",
lOkaranjani,,52,,,"S,G3,M2,P,M2,D2,N2,Ṡ","Ṡ,N2,D2,N2,P,M2,G3,R1,S",
mAdhavamanOhari,,22,,,"S,R2,G2,M1,P,N2,D2,N2,Ṡ","Ṡ,N2,D2,M1,G2,R2,S",
mAdhavapriya,,1,,,"S,R1,G1,P,D1,N1,Ṡ","Ṡ,N1,D1,P,G1,R1,S",
mAdhavi,,21,,,"S,M1,G2,M1,P,D1,N3,Ṡ","Ṡ,N3,D1,P,M1,S,M1,G2,R1,S",
madhukauns,,57,,,"S,G2,M2,P,N2,P,Ṡ","Ṡ,N2,P,M2,G2,S",
madhulika,,27,,,"S,R2,G3,M1,N3,Ṡ","Ṡ,N3,M1,G3,R2,S",
madhurakokila,,28,,,"S,R2,G3,D2,N2,Ṡ","Ṡ,N2,D2,G3,R2,S",
madhuvanti,,59,,,"S,G2,M2,P,N3,Ṡ","Ṡ,N3,D2,P,M2,G2,R2,S",
madhyamarAvali,,22,,,"S,R2,G2,P,D2,N2,Ṡ","Ṡ,N2,D2,P,G2,R2,S",
madhyamAvati,,22,,,"S,R2,M1,P,N2,Ṡ","Ṡ,N2,P,M1,R2,S",
maghati,,34,,,"S,R3,M1,P,D2,N2,Ṡ","Ṡ,N2,D2,P,M1,R3,S",
mahAnandi,,22,,,"S,R2,G2,P,D2,Ṡ","Ṡ,D2,P,G2,R2,S",
mahAnandini,,45,,,"S,M2,G2,M2,P,D1,N3,Ṡ","Ṡ,D1,N3,D1,P,M2,G2,R1,S",
mahati,,20,,,"S,G2,P,D1,N2,Ṡ","Ṡ,N2,P,G2,R2,S",
mahati,,28,,,"S,G3,P,N2,Ṡ","Ṡ,N2,P,G3,S",
mahati,,43,,,"S,G2,M2,P,D1,N1,Ṡ","Ṡ,N1,D1,P,M2,G2,S",
mahuri,,28,,,"S,R2,M1,G3,R2,G3,P,D2,Ṡ","Ṡ,N2,D2,P,M1,G3,R2,S,R2,G3,R2,S",
malahari,,15,,,"S,R1,M1,P,D1,Ṡ","Ṡ,D1,P,M1,G3,R1,S",
mAlavakurinji,,15,,,"S,G3,P,D1,N3,Ṡ","Ṡ,N3,D1,M1,R1,S",
mAlavapancamam,,15,,,"S,R1,G3,M1,P,N3,Ṡ","Ṡ,N3,D1,P,M1,G3,R1,S",
mAlavasri,,22,,,"S,G2,M1,P,N2,D2,N2,P,D2,N2,Ṡ","Ṡ,N2,D2,P,M1,G2,R2,S",
mAlavi,,28,,,"S,R2,G3,M1,P,N2,M1,D2,N2,Ṡ","Ṡ,N2,D2,N2,P,M1,G3,M1,R2,S",
malayamArutam,,16,,,"S,R1,G3,P,D2,N2,Ṡ","Ṡ,N2,D2,P,G3,R1,S",
mallikavasantam,,15,,,"S,G3,M1,P,N3,Ṡ","Ṡ,N3,D1,P,M1,G3,R1,S",
mAnavati,5,NULL,Indu,,"S,R1,G1,M1,P,D2,N3,S","S,N3,D2,P,M1,G1,R1,S",
mAnd {Hindustani},,29,,,"S,G3,M1,D2,N3,Ṡ","Ṡ,N3,D2,P,M1,G3,R2,S","R1,G2,M2,D1,N2"
mandAmari,,22,,,"S,R2,M1,P,D2,Ṡ","Ṡ,N2,S,D2,P,M1,G2,R2,S",
mandAri,,51,,,"S,R1,G3,M2,P,N3,Ṡ","Ṡ,N3,P,M2,G3,R1,S",
mangalakaishiki,,15,,,"S,R1,M1,G3,D1,P,Ṡ","Ṡ,N3,D1,P,M1,G3,R1,S",
mangalakari,,64,,,"S,R2,P,M2,P,D2,N2,Ṡ","Ṡ,N2,D2,P,G3,R2,S",
mangalAvati,,22,,,"S,R2,M1,P,D2,Ṡ","Ṡ,D2,P,M1,G2,R2,S",
manirangu,,22,,,"S,R2,M1,P,N2,Ṡ","Ṡ,N2,P,M1,G2,R2,S",
manjari,,22,,,"S,G2,R2,G2,M1,P,N2,D2,N2,Ṡ","Ṡ,N2,D2,P,M1,G2,R2,S",
mAnji,,20,,,"S,R2,G2,M1,P,D2,N2,Ṡ","Ṡ,N2,D1,P,M1,P,M1,P,G2,R2,S",
manjupriya,,28,,,"S,G3,M1,P,N2,Ṡ","Ṡ,N2,D2,P,G3,R2,S",
manOharam,,28,,,"S,R2,G3,M1,D2,N2,Ṡ","Ṡ,N2,P,M1,R2,S",
manOhari,,22,,,"S,G2,R2,G2,M1,P,D2,Ṡ","Ṡ,D2,P,M1,G2,R2,S",
manolayam,,15,,,"S,R1,M1,P,D1,Ṡ","Ṡ,N3,D1,P,M1,R1,S",
manOrama,,22,,,"S,R2,G2,M1,P,D1,P,Ṡ","Ṡ,N2,D1,P,M1,G2,R2,S",
manOranjani,,5,,,"S,R1,M1,P,D2,N3,Ṡ","Ṡ,N3,D2,P,M1,G1,R1,S",
marakatagauLa,,70,,,"S,R3,M2,P,D2,N2,Ṡ","Ṡ,N2,D2,P,M2,G3,R3,S",
mAraranjani,25,NULL,Bana,,"S,R2,G3,M1,P,D1,N3,S","S,N3,D1,P,M1,G3,R2,S",
mAravi,,26,,,"S,G3,M1,P,N2,Ṡ","Ṡ,N2,D1,P,M1,G3,R2,S",
mArgadeSi,,15,,,"S,R1,G3,R1,G3,D1,M1,P,D1,Ṡ","Ṡ,D1,P,M1,G3,R1,S",
mArgahindOLaM,,20,,,"S,R2,G2,M1,P,D2,N2,Ṡ","Ṡ,N2,D2,P,M1,G2,S",
mAruti,,51,,,"S,R1,M2,P,N3,Ṡ","Ṡ,N3,D1,P,M2,G3,R1,S",
maruva,,15,,,"S,G3,M1,D1,N3,Ṡ","Ṡ,N3,D1,P,G3,M1,G3,R1,S,R1,G3,R1,S",
maruvadhanyAsi,,22,,,"S,G2,M1,P,D2,Ṡ","Ṡ,N2,D2,P,M1,D2,M1,G2,R2,S",
mAtangakAmini,,10,,,"S,G2,M1,P,D1,N2,Ṡ","Ṡ,N2,D1,P,M1,G2,S",
mattakokila,,28,,,"S,R2,P,D2,N2,D2,Ṡ","Ṡ,D2,N2,D2,P,R2,S",
mAyadravila,,29,,,"S,R2,G3,M1,P,D2,N3,Ṡ","Ṡ,N2,P,M1,P,G3,M1,R2,S",
mAyamALavagauLa,15,NULL,Agni,,"S,R1,G3,M1,P,D1,N3,S","S,N3,D1,P,M1,G3,R1,S",
mAyapradIptam,,22,,,"S,M1,G2,M1,P,D2,N2,Ṡ","Ṡ,D2,P,M1,G2,R2,S",
mecchakaLyaNi,65,NULL,Rudra,,"S,R2,G3,M2,P,D2,N2,S","S,N2,D2,P,M2,G3,R2,S",
mechabhauli,,15,,,"S,R1,G3,P,D1,Ṡ","Ṡ,N3,D1,P,M1,G3,R1,S",
mechagAndhAri,,43,,,"S,R3,G3,M1,P,D2,N2,Ṡ","Ṡ,N2,D2,N2,P,M1,G3,M1,R3,S",
mechakAngi,,53,,,"S,R1,G3,M2,P,D2,P,N3,Ṡ","Ṡ,N3,P,D2,P,M2,G3,R1,S",
mEgha,,1,,,"S,R1,M1,P,D1,N1,D1,P,Ṡ","Ṡ,N1,D1,P,M1,R1,S",
mEghana,,28,,,"S,M1,G3,M1,P,D2,Ṡ","Ṡ,N2,D2,M1,G3,S",
mEgharanjani,,15,,,"S,R1,G3,M1,N3,Ṡ","Ṡ,N3,M1,G3,R1,S",
mEghasyAmala,,52,,,"S,G3,M2,P,D2,N2,D2,P,Ṡ","Ṡ,N2,D2,P,M2,G3,R1,S",
miSramanOlayam,,21,,,"S,R2,M1,P,D1,Ṡ","Ṡ,D2,D1,P,M1,R2,S",
miSraSivaranjani,,22,,,"S,R2,G2,P,D2,Ṡ","Ṡ,D2,P,G2,R2,S","R1,G3,M1,M2,D1,N2,N3"
mOhanadhvani,,29,,,"S,R2,G3,P,D2,Ṡ","Ṡ,N3,P,D2,P,G3,R2,S",
mOhanakaLyANi,,65,,,"S,R2,G3,P,D2,Ṡ","Ṡ,N3,D2,P,M2,G3,R2,S",
mOhanam,,28,,,"S,R2,G3,P,D2,Ṡ","Ṡ,D2,P,G3,R2,S",
mOhananAta,,9,,,"S,G2,M1,P,D1,P,M1,P,N3,Ṡ","Ṡ,N3,P,D1,P,M1,G2,S",
mOhanAngi,,34,,,"S,R3,G3,P,D2,Ṡ","Ṡ,D2,P,G3,P,D2,P,G3,R3,S",
mOharanjani,,59,,,"S,R2,G2,P,D2,Ṡ","Ṡ,N3,D2,M2,G2,S",
mrgAnandhana,,65,,,"S,R2,G3,D2,N3,Ṡ","Ṡ,N3,D2,M2,D2,G3,R2,S",
mukhAri,,22,,,"S,R2,M1,P,N2,D2,Ṡ","Ṡ,N2,D1,P,M1,G2,R2,S",D1
mukthAngi,,16,,,"S,R1,G3,M1,P,D2,N2,Ṡ","Ṡ,D2,N2,P,M1,G3,R1,S",
mukthidAyini,,64,,,"S,G3,M2,P,D2,N2,Ṡ","Ṡ,N2,D2,P,M2,G3,S",
mukundamAlini,,16,,,"S,R1,G2,P,D2,Ṡ","Ṡ,D2,P,G2,R1,S",
multAni {Hindustani},,45,,,"S,G2,M2,P,N3,Ṡ","Ṡ,N3,D1,P,M2,G2,R1,S",
muraLi,,34,,,"S,R3,G3,M1,D2,N2,Ṡ","Ṡ,N2,D2,M1,G3,R3,S",
nabhomani,,40,,,"S,G1,R1,G1,M2,P,Ṡ","Ṡ,N2,D2,P,M2,G1,R1,S",
nAdabrahma,,64,,,"S,P,M2,P,D2,N2,Ṡ","Ṡ,N2,D2,P,M2,G3,S",
nAdacintAmaNi,,22,,,"S,R2,G2,M1,N2,D2,N2,Ṡ","Ṡ,N2,D2,P,M1,G2,R2,S",
nadanamakriya,,15,,,"S,R1,G3,M1,P,D1,N3","N3,D1,P,M1,G3,R1,S,N3",
nAdaranjani,,3,,,"S,R1,M1,D1,N3,Ṡ","Ṡ,N3,D1,M1,G1,R1,S",
nAdatArangini,,22,,,"S,P,M1,R2,G2,Ṡ","Ṡ,P,N2,D2,P,M1,G2,R2,G2,S",
nAdavalli,,28,,,"S,R2,M1,D2,N2,Ṡ","Ṡ,N2,D2,M1,R2,S",
nAdavarangini,,22,,,"S,P,M1,N2,D2,N2,Ṡ","Ṡ,P,N2,D2,P,M1,G2,R2,G2,S",
nAgabharaNam,,30,,,"S,R2,G2,M1,P,D3,N3,Ṡ","Ṡ,N3,D3,P,M1,G2,R2,S",
nAgabhUshaNi,,29,,,"S,R2,M1,P,D2,N3,Ṡ","Ṡ,D2,P,M1,R2,S",
nAgacUDAmaNi,,17,,,"S,R1,G3,M1,P,D2,Ṡ","Ṡ,D2,N2,D2,P,M1,G3,M1,R2,S",
nAgadhvani,,29,,,"S,R2,S,M1,G3,M1,P,N3,D2,N3,Ṡ","Ṡ,N3,D2,N3,P,M1,G3,S",
nAgagAndhAri,,20,,,"S,R2,M1,G2,M1,P,D1,N2,Ṡ","Ṡ,N2,D1,P,M1,G2,R2,S",
nAgagiri,,72,,,"S,G3,M2,P,D2,P,Ṡ","Ṡ,D2,P,M2,G3,S",
nAganandini,30,NULL,Bana,,"S,R2,G3,M1,P,D1,N2,S","S,N2,D1,P,M1,G3,R2,S",
nAgari,,22,,,"S,R2,M1,P,D2,N2,Ṡ","Ṡ,N2,D2,P,M1,G2,S",
nAgasvarAvali,,28,,,"S,G3,M1,P,D2,Ṡ","Ṡ,D2,P,M1,G3,S",
nAgavalli,,22,,,"S,R2,M1,D2,N2,Ṡ","Ṡ,N2,D2,M1,R2,S",
nAgavarALi,,8,,,"S,R1,G2,M1,P,M1,D1,N2,Ṡ","Ṡ,N2,D1,P,M1,G2,R1,S",
nalinakAnti,,27,,,"S,G3,R2,M1,P,N3,Ṡ","Ṡ,N3,P,M1,G3,R2,S",
nAmadeshi,,50,,,"S,R1,G3,M2,P,D1,N2,Ṡ","Ṡ,N2,D1,P,M2,G3,R1,S",
namanArAyaNi,50,NULL,Brahma,,"S,R1,G3,M2,P,D3,N3,S","S,N3,D3,P,M2,G3,R1,S",
nAndhakaLyANi,,65,,,"S,G3,M2,D2,N3,Ṡ","Ṡ,N3,D2,M2,G3,M2,R2,S",
narani,,28,,,"S,R2,M1,P,D2,Ṡ","Ṡ,N2,D2,P,M1,R2,S",
nArAyanadeshAkshi,,29,,,"S,R2,M1,G3,R2,G3,M1,P,D2,N3,Ṡ","Ṡ,N3,D2,P,M1,G3,R2,S",
nArAyanagauLa,,28,,,"S,R2,M1,P,N2,D2,N2,Ṡ","Ṡ,N2,D2,P,M1,G3,R2,G3,S",
nArAyaNi,,28,,,"S,R2,M1,P,D2,Ṡ","Ṡ,N2,D2,P,M1,R2,S",
nArErEtigauLa,,20,,,"S,G2,R2,G2,M1,N2,D1,M1,N2,N2,Ṡ","Ṡ,N2,D1,M1,G2,M1,P,M1,G2,R2,S",
narmada,,50,,,"S,R1,G3,M2,D1,N2,Ṡ","Ṡ,N2,D1,M2,P,M2,G3,R1,S",
nAsAmani,,70,,,"S,R3,S,M2,P,D2,N2,Ṡ","Ṡ,N2,D2,P,M2,G3,R3,S",
nAsikAbhUshaNi,70,NULL,Aditya,,"S,R3,G3,M2,P,D2,N2,S","S,N2,D2,P,M2,G3,R3,S",
nATa Kurinji,,28,,,"S,R2,G3,M1,D2,N2,S","S,N2,D2,M1,G3,S",
nATa Kurinji,,28,,,"S,R2,G3,M1,N2,D2,N2,P,D2,N2,S","Ṡ,N2,D2,M1,G3,M1,P,G3,R2,S",
nATa Kurinji,,28,,,"S,R2,G3,M1,N2,D2,N2,P,D2,N2,Ṡ","S,N2,D2,M1,G3,M1,P,M1,G3,R2,S",
nATa NArAyaNi,,28,,,"S,R2,G3,M1,D2,N2,D2,Ṡ","Ṡ,N2,D2,P,M1,G3,M1,R2,S",
nATa,,36,,,"S,R3,G3,M1,P,N3,Ṡ","Ṡ,N3,P,M1,G3,R3,S",
naTabhairavi,20,NULL,Veda,,"S,R2,G2,M1,P,D1,N2,S","S,N2,D1,P,M1,G2,R2,S",
natAbharaNam,,10,,,"S,R1,G2,M1,P,D2,N2,Ṡ","Ṡ,N2,D2,P,M1,G2,R1,S",
naTakapriya,10,NULL,Netra,,"S,R1,G2,M1,P,D2,N2,S","S,N2,D2,P,M1,G2,R1,S",
nAtyadhArana,,10,,,"S,R1,M1,P,D2,Ṡ","Ṡ,N2,D2,P,M1,R1,S",
navanItam,40,NULL,Rishi,,"S,R1,G1,M2,P,D1,N1,S","S,N1,D1,P,M2,G1,R1,S",
navarasa kaLAnidhi,,28,,,"S,R2,M1,P,S,N2,Ṡ","Ṡ,N2,D2,P,M1,G3,R2,S",
navarasa mAlA,,7,,,"S,R1,G2,M1,P,D1,Ṡ","Ṡ,N1,D1,P,M1,R1,S",
navarasakannada,,28,,,"S,G3,M1,P,Ṡ","Ṡ,N2,D2,M1,G3,R2,S",
navaratna VilAsam,,20,,,"S,R2,G2,M1,P,D1,P,Ṡ","Ṡ,D1,P,M1,G2,M1,R2,S",
navaroj,,29,,,"P,D2,N3,S,R2,G3,M1,P","M1,G1,R3,S,N2,D2,P",N2
nAyaki,,22,,,"S,R2,M1,P,D2,N2,D2,P,Ṡ","Ṡ,N2,D2,P,M1,R2,G2,R2,S",
nigamagAmini,,22,,,"M1,G2,S,G2,M1,N2,Ṡ","Ṡ,N2,M1,G2,M1,G2,S",
nIla,,28,,,"S,G3,M1,D2,N2,Ṡ","Ṡ,N2,D2,M1,G3,S",
nIlamani,,27,,,"S,R2,M1,P,D1,N3,Ṡ","Ṡ,N3,D1,P,M1,R2,S",
nIlamati,,20,,,"S,G2,M1,P,D1,N2,Ṡ","Ṡ,N2,D1,M1,G2,S",
nIlAmbari,,29,,,"S,R2,G3,M1,P,D2,P,N3,Ṡ","Ṡ,N3,P,M1,G3,R2,G3,S",N2
nIlaveni,,20,,,"S,R2,G2,M1,P,D1,N2,D1,Ṡ","Ṡ,D1,P,M1,G2,R2,S",
niranjana,,10,,,"S,R1,G2,M1,P,D2,Ṡ","Ṡ,N2,D2,P,M1,G2,R1,S",
niranjani,,31,,,"S,R3,M1,D1,N1,Ṡ","Ṡ,N1,D1,M1,R3,S",
nirmalAngi,,22,,,"S,R2,M1,P,N2,Ṡ","Ṡ,N2,P,M1,R2,S",
niroshta,,29,,,"S,R2,G3,D2,N3,Ṡ","Ṡ,N3,D2,G3,R2,S",
nisshadham,,60,,,"S,R2,G2,M2,P,D3,N3,Ṡ","Ṡ,N3,P,M2,G2,R2,S",
nItimati,60,NULL,Disi,,"S,R2,G2,M2,P,D3,N3,S","S,N3,D3,P,M2,G2,R2,S",
nuthanacandrikA,,60,,,"S,R2,G2,M2,P,D3,N3,Ṡ","Ṡ,N3,P,D3,N3,P,M2,G2,S",
OmkAri,,22,,,"S,R2,G2,M1,P,D2,Ṡ","Ṡ,D2,P,M1,G2,R2,S",
pAdi,,15,,,"S,R1,M1,P,N3,Ṡ","Ṡ,N3,P,D1,P,M1,R1,S",
padmakaLyANi,,53,,,"S,G3,P,N3,Ṡ","Ṡ,N3,D2,P,M2,G3,S",
pahAdi {Hindustani},,29,,,"S,R2,G3,P,D2,P,D2,S","N3,D2,P,G3,M1,G3,R2,S,N3,D2,P,D2,S","R1,G2,M2,D1,N2"
pancamam,,22,,,"S,R2,D2,P,N2,Ṡ","Ṡ,N2,D2,P,M1,G2,R2,S",
paramEsvarapriya,,28,,,"S,R2,G3,M1,P,N2,Ṡ","Ṡ,N2,P,M1,R2,S",
parpati,,45,,,"S,G2,M2,P,N3,Ṡ","Ṡ,N3,P,M2,G2,S",
pArsi,,28,,,"S,R2,G3,M1,D2,N2,Ṡ","Ṡ,N2,D2,P,M1,G3,R2,S",
pashupathipriya,,28,,,"S,R2,M1,P,M1,D2,Ṡ","Ṡ,D2,M1,P,R2,M1,S",
patalAmbari,,52,,,"S,R1,G3,M2,D2,Ṡ","Ṡ,D2,M2,G3,R1,S",
patdIp {Hindustani},,23,,,"N3,S,G2,M1,P,N3,Ṡ","Ṡ,N3,D2,P,M1,P,G2,M1,G2,R2,S",
pAvani,41,NULL,Rishi,,"S,R1,G1,M2,P,D2,N3,S","S,N3,D2,P,M2,G1,R1,S",
phalamanjari,,22,,,"S,G2,M1,D2,Ṡ","Ṡ,N2,D2,P,M1,G2,M1,R2,S",
phalaranjani,,22,,,"S,G2,M1,P,M1,D2,Ṡ","Ṡ,N2,D2,P,M1,G2,M1,R2,S",
phenadhyuti,,2,,,"S,R1,M1,P,D1,P,N2,Ṡ","Ṡ,N2,D1,P,M1,G1,R1,S",
ponni,,51,,,"S,G3,M2,P,N3,Ṡ","Ṡ,N3,P,M2,G3,R1,S",
prabhAvali,,41,,,"S,R1,M2,P,D2,N3,Ṡ","Ṡ,N3,D2,M2,P,M2,R1,G1,R1,S",
prabhupriya,,8,,,"S,G2,M1,P,D1,Ṡ","Ṡ,D1,P,M1,G2,S",
pramodhini,,65,,,"S,G3,M2,P,D2,Ṡ","Ṡ,D2,P,M2,G3,S",
pranavAkAri,,64,,,"P,N2,D2,N2,S,R2,G3,M2","P,M2,G3,R2,S,N2,D2,N2,P",
pranavapriya,,57,,,"S,R2,M2,P,N3,Ṡ","Ṡ,N3,P,M2,G2,R2,S",
pratApa nATa,,28,,,"S,R2,G3,M1,D2,P,D2,N3,Ṡ","Ṡ,N3,D2,P,M1,G3,S",
pratApadhanyAsi,,15,,,"S,G3,M1,P,N3,Ṡ","Ṡ,N3,D1,P,M1,G3,R1,S",
pratAparanjani,,15,,,"S,R1,M1,P,D1,N3,Ṡ","Ṡ,N3,D1,P,M1,G3,R1,S",
pratApavarALi,,28,,,"S,R2,M1,P,D2,P,Ṡ","Ṡ,D2,P,M1,G3,R2,S",
prathApa,,51,,,"S,G3,M2,D1,N3,Ṡ","Ṡ,N3,D1,P,M2,G3,R1,S",
prathApahamsi,,31,,,"S,G3,M1,P,N1,D1,N1,Ṡ","Ṡ,N1,D1,P,M1,G3,M1,R3,S",
pravalajyoti,,28,,,"S,R2,M1,P,D2,N2,Ṡ","Ṡ,N2,D2,P,M1,G3,S",
pravritti,,16,,,"S,G3,M1,P,D2,N2,Ṡ","Ṡ,N2,D2,P,M1,G3,S",
priyadarshani,,21,,,"S,R2,M1,D1,N3,Ṡ","Ṡ,N3,D1,M1,R2,S",
punnAgatODi,,8,,,"N1,S,R1,G2,M1,P","P,M1,G2,R1,S,N2,D1",
punnagavaraLi,,8,,,"N2,S,R1,G2,M1,P,D1,N2","N2,D1,P,M1,G2,R1,S,N2",R2
puranirmai,,15,,,"S,R1,G3,P,D1,Ṡ","Ṡ,N3,D1,P,G3,R1,S",
puriya dhanaSrI {Hindustani},,51,,,"N3,R1,G3,M2,P,D1,P,N3,S","R1,N3,D1,P,M2,G3,M2,R1,G3,R1,S",
pUrnacandrika,,29,,,"S,R2,G3,M1,P,D2,P,Ṡ","Ṡ,N3,P,M1,R2,G3,M1,R2,S",
pUrnagauLa,,29,,,"S,R2,G3,M1,P,N3,D2,N3,P,D2,N3,Ṡ","Ṡ,N3,D2,N3,P,M1,G3,R2,S",
pUrnakalAnidhi,,22,,,"S,G2,M1,P,D2,N2,Ṡ","Ṡ,D2,P,M1,G2,R2,S",
pUrnakAmbhOji,,28,,,"S,R2,G3,M1,P,N2,Ṡ","Ṡ,D2,P,M1,G3,R2,S",
pUrnalalita,,15,,,"S,R1,G3,M1,P,D1,Ṡ","Ṡ,D1,P,M1,G3,R1,S",
pUrnalalita,,41,,,"S,R1,M2,G1,R1,M2,P,N3,D2,N3,Ṡ","Ṡ,N3,D2,P,M2,G1,R1,S",
pUrnapancamam,,16,,,"P,M1,S,R1,S,M1,P,D2","D2,P,M1,G3,R1,S,N2",
pUrnapancamam,,41,,,"(SI,15,,16),S,R1,G1,M2,P,D2","D2,P,M2,G1,R1,S",
pUrnasAveri,,62,,,"S,R2,M2,P,D1,Ṡ","Ṡ,N2,D1,P,M2,G3,R2,S",
pUrnashađjam,,20,,,"S,R2,G2,M1,N2,N2,S","Ṡ,N2,P,M1,G2,R2,S",
pUrvadhanyAsi,,26,,,"S,M1,G3,M1,N2,Ṡ","Ṡ,N2,D1,P,M1,G3,R2,S",
pUrvagauLa,,29,,,"S,G3,R2,G3,S,R2,M1,P,D2,N3,Ṡ","Ṡ,N3,D2,P,M1,G3,R2,S",
pUrvavarALi,,3,,,"S,R1,M1,P,D1,Ṡ","Ṡ,N3,D1,P,M1,G1,R1,S",
pUrvi kaLyANi,,53,,,"S,R1,G3,M2,P,D2,P,Ṡ","Ṡ,N3,D2,P,M2,G3,R1,S",
pUrvi,,15,,,"S,R1,G3,M1,D1,N3,Ṡ","Ṡ,N3,D1,P,M1,G3,R1,S",
pUrvikavasanta,,15,,,"S,M1,G3,M1,D,N3,Ṡ","Ṡ,N3,D1,M1,P,M1,G3,R1,S",
pUshakaLyANi,,54,,,"S,R1,G3,M2,P,D3,N3,Ṡ","Ṡ,N3,P,M2,G3,R1,S",
pushpalatika,,22,,,"S,R2,G2,M1,P,N2,Ṡ","Ṡ,N2,P,M1,G2,R2,S",
rAgachUdAmani,,32,,,"S,R3,G3,M1,P,N2,Ṡ","Ṡ,N2,D1,M1,R3,G3,S",
rAgamanjari,,16,,,"S,R1,M1,P,D2,Ṡ","Ṡ,N2,D2,M1,R1,S",
rAgapanjaramu,,28,,,"S,R2,M1,P,D2,N2,D2,Ṡ","Ṡ,N2,D2,M1,R2,S",
rAgavardhini,32,NULL,Rutu,,"S,R3,G3,M1,P,D2,N2,S","S,N2,D2,P,M1,G3,R3,S",
rAgavinOdini,,28,,,"S,R2,G3,M1,D2,Ṡ","Ṡ,D2,M1,G3,R2,S",
rAgeSrI,,28,,,"S,G3,M1,D2,N2,S","Ṡ,N2,D2,M1,G3,R2,S",
rAgeSrI,,28,,,"S,G3,M1,D2,N2,Ṡ","S,N2,D2,N3,D2,M1,G3,R2,S",N3
raghulIla,,42,,,"S,M2,R1,P,M2,G1,M2,P,M2,R1,M2,P,N3,Ṡ","Ṡ,N3,D3,N3,P,M2,G1,M2,R1,M2,G1,R1,S",
raghupriya,42,NULL,Rishi,,"S,R1,G1,M2,P,D3,N3,S","S,N3,D3,P,M2,G1,R1,S",
rAjarAjESvari,,20,,,"S,R2,M1,P,D1,Ṡ","Ṡ,N2,D1,P,M1,G2,R2,S",
rAjathilaka,,25,,,"S,R2,G3,M1,P,Ṡ","Ṡ,P,M1,G3,R2,S",
rAjESvari,,56,,,"S,R2,G2,P,N2,Ṡ","Ṡ,N2,D1,P,M1,G2,S",
raktimArgini,,52,,,"S,P,M2,D2,N2,Ṡ","Ṡ,N2,D2,P,M2,P,G3,R1,S",
rAmagiri,,68,,,"S,R3,M2,G3,M2,P,D1,N2,Ṡ","Ṡ,D1,N2,D1,P,M2,G3,R3,S",
rAmakali,,15,,,"S,R1,G3,P,D1,Ṡ","Ṡ,N3,D1,P,M1,G3,R1,S",
rAmakriya,,15,,,"S,G3,M1,P,D1,N3,Ṡ","Ṡ,N3,P,D1,P,M1,G3,R1,S",
ramAmanOhari,,52,,,"S,R1,G3,M2,P,D2,Ṡ","Ṡ,N2,D2,P,M2,G3,R1,S",
ramaNi,,63,,,"S,G3,M2,P,N3,Ṡ","Ṡ,N3,D1,P,M2,G3,S",
ramapriya,52,NULL,Brahma,,"S,R1,G3,M2,P,D1,N2,S","S,N2,D1,P,M2,G3,R1,S",
ramyA,,32,,,"S,R3,G3,M1,P,D1,N2,P,Ṡ","Ṡ,N2,D1,P,M1,G3,R3,S",
ranjani,,59,,,"S,R2,G2,M2,D2,Ṡ","Ṡ,N3,D2,M2,G2,S",
rasAli,,4,,,"S,R1,M1,P,D2,N2,Ṡ","Ṡ,D2,P,M1,R1,S",
rasamanjari,,72,,,"S,R3,G3,M2,P,D3,N3,Ṡ","Ṡ,N3,D3,P,M2,G3,R3,S",
rasavinOdini,,52,,,"S,G3,M2,P,D2,N2,Ṡ","Ṡ,N2,D2,P,M2,G3,S",
rasikapriya,72,NULL,Aditya,,"S,R3,G3,M2,P,D3,N3,S","S,N3,D3,P,M2,G3,R3,S",
rasikaranjani,,16,,,"S,R1,G3,P,Ṡ","Ṡ,D2,P,G3,R1,S",
ratikA,,47,,,"S,M2,G2,M2,P,D2,N3,Ṡ","Ṡ,N3,D2,P,M2,G2,R1,S",
ratipriya,,62,,,"S,R2,G3,M2,P,D1,N2,Ṡ","Ṡ,N2,D1,P,M2,G3,R2,S",
ratipatipriya,,22,,,"S,R2,G2,P,N2,Ṡ","Ṡ,N2,P,G2,R2,S",
ratnabhAnu,,62,,,"S,R2,M2,P,N2,D1,N2,Ṡ","Ṡ,N2,D1,P,M2,G3,R2,S",
ratnabhUshaNi,,29,,,"S,R2,G3,M1,P,Ṡ","Ṡ,P,M1,G3,R2,S",
ratnakAnti,,63,,,"S,R2,G3,M2,P,N3,Ṡ","Ṡ,N3,P,M2,G3,R2,S",
ratnangi,2,NULL,Indu,,"S,R1,G1,M1,P,D1,N2,S","S,N2,D1,P,M1,G1,R1,S",
ratnasAranga,,60,,,"S,R2,G2,M2,P,N3,Ṡ","Ṡ,N3,D3,P,M2,G2,R2,S",
ratnavarALi,,2,,,"S,R1,M1,P,N2,D1,Ṡ","Ṡ,N2,P,M1,R1,G1,R1,S",
raupyanaka,,12,,,"S,M1,P,D3,N3,Ṡ","Ṡ,N3,P,M1,G2,R1,S",
ravicandrikA,,28,,,"S,R2,G3,M1,D2,Ṡ","Ṡ,N2,D2,M1,G3,R2,S",
ravikriyA,,42,,,"S,G1,R1,G1,M2,P,D3,N3,Ṡ","Ṡ,N3,P,M2,G1,R1,S",
ravisvarUpini,,63,,,"S,G3,M2,P,D1,N3,Ṡ","Ṡ,N3,D1,P,M2,G3,S",
rEvagupti,,15,,,"S,R1,G3,P,D1,Ṡ","Ṡ,D1,P,G3,R1,S",
rEvati,,2,,,"S,R1,M1,P,N2,Ṡ","Ṡ,N2,P,M1,R1,S",
rishabhapriya,62,NULL,Rudra,,"S,R2,G3,M2,P,D1,N1,S","S,N1,D1,P,M2,G3,R2,S",
rishabhavilAsa,,1,,,"S,R1,M1,P,D1,Ṡ","Ṡ,D1,P,M1,R1,M1,R1,S",
rishipriya,,21,,,"S,R2,G2,M1,P,D1,N3,Ṡ","Ṡ,N3,P,M1,G2,R2,S",
rIticandrikA,,52,,,"S,R1,G3,M2,P,D2,Ṡ","Ṡ,N2,D2,P,M2,G3,R1,S",
rItigauLa,,22,,,"S,G2,R2,G2,M1,N2,D2,M1,N2,N2,Ṡ","Ṡ,N2,D2,M1,G2,M1,P,M1,G2,R2,S",
rItuvilAsa,,29,,,"S,G3,M1,P,D2,N3,Ṡ","Ṡ,N3,D2,P,M1,G3,S",
rOhiNi,,17,,,"S,R1,G3,M1,M2,D2,N3,Ṡ","Ṡ,N3,D2,M2,M1,G3,R1,S",
rudra Panchami,,16,,,"S,G3,M1,D2,N2,Ṡ","Ṡ,N3,D2,M1,G3,R1,S",
rudrapriya,,22,,,"S,R2,G2,M1,P,D2,N2,Ṡ","Ṡ,N2,P,M1,G2,R2,S",
rukhmAmbari,,15,,,"S,R1,G3,P,N3,Ṡ","Ṡ,N3,P,G3,R1,S",
rUpavati,12,NULL,Netra,,"S,R1,G2,M1,P,D3,N3,S","S,N3,D3,P,M1,G2,R1,S",
sailadeshAkshhi,,35,,,"S,M1,G3,P,D2,Ṡ","Ṡ,N3,D2,S,N3,P,M1,G3,S",
Saindhavi,,22,,,"N2,D2,N2,S,R2,G2,M1,P,D2,N2","D2,P,M1,G2,R2,S,N2,D2,N2,S",
sakthirUpini,,57,,,"S,G2,M2,D2,Ṡ","Ṡ,N2,D2,M2,G2,S",
sakunthala,,28,,,"S,R2,G3,M1,D2,N2,Ṡ","Ṡ,N2,D2,M1,G3,S",
sAmA,,28,,,"S,R2,G3,S,R2,P,M1,D2,D2,S","S,D2,P,M1,G3,R2,S",
sAmA,,28,,,"S,R2,M1,P,D2,S","S,D2,P,M1,G3,R2,S",
sankara,,29,,,"S,G3,P,Ṡ","Ṡ,N3,D2,P,G3,P,R2,G3,S",
sankaraharigauLa,,28,,,"S,R2,G3,M1,P,D2,N3,Ṡ","Ṡ,N2,D2,P,M1,G3,R2,S",
sankaramohana,,29,,,"S,R2,G3,P,N3,D2,S,N3","S,D2,P,G3,R2,S",
sAranga KApi,,20,,,"S,R1,P,M1,R1,P,R1,M1,P,N2,Ṡ","Ṡ,N2,D1,P,M1,G2,R1,S",
sAranga MallAr,,29,,,"S,R2,M1,P,D2,N3,Ṡ","Ṡ,N3,D2,P,M1,R2,S,N3,S",
sAranga NAta,,15,,,"S,R1,M1,P,D1,Ṡ","Ṡ,N3,S,D1,P,M1,G3,R1,S",
sAranga TArangini,,65,,,"S,R2,M2,P,D2,N3,Ṡ","Ṡ,N3,D2,P,M2,R2,S",
SAranga,,65,,,"S,R2,G3,M2,P,D2,N3,Ṡ","Ṡ,N3,D2,P,M2,R2,G3,M1,R2,Ṡ",
sAranga,,65,,,"S,R2,S,P,M2,P,D2,N3,Ṡ","S,N3,S,D2,P,M2,R2,G3,M1,R2,Ṡ",
sarasAnana,,27,,,"S,R2,G3,M1,D1,N3,Ṡ","Ṡ,N3,D1,M1,G3,R2,S",
sarasAngi,27,NULL,Bana,,"S,R2,G3,M1,P,D2,N3,S","S,N3,D2,P,M1,G3,R2,S",
sarasIruha,,27,,,"S,R2,G3,M1,D1,N1,D1,Ṡ","Ṡ,N1,D1,M1,G3,R2",
sarasvati ManOhari,,28,,,"S,R2,G3,M1,D2,Ṡ","Ṡ,D2,N2,P,M1,G3,R2,S",
sarasvati,,64,,,"S,R2,M2,P,D2,Ṡ","Ṡ,N2,D2,P,M2,R2,S",
sarasvati,37,NULL,Rishi,,"S,R1,G1,M2,P,D2,N2,S","S,N2,D2,P,M2,G1,R1,S",
sarvachUdAmani,,22,,,"S,R2,M1,G2,M1,P,D2,N2,Ṡ","Ṡ,N2,P,D2,N2,D2,P,M1,G2,R2,G2,R2,S",
sarvAngi,,57,,,"S,R2,M2,D1,N3,Ṡ","Ṡ,N3,D1,M2,G2,S,R3,S",
sarvasri,,1,,,"S,M1,P,Ṡ","Ṡ,P,M1,S",
satvamanjari,,28,,,"S,R2,M1,P,D2,Ṡ","Ṡ,N2,D2,P,M1,N2,D2,M1,R2,S",
satyAvati,,15,,,"S,G3,R1,G3,P,D1,Ṡ","Ṡ,N3,D1,N3,P,D1,P,G3,R1,S",
saugandhini,,37,,,"S,R1,M2,P,D1,Ṡ","Ṡ,N1,D1,P,M2,G1,R1,S",
saujanya,,8,,,"S,R1,M1,D1,Ṡ","Ṡ,D1,M1,R1,S",
saurasEnA,,27,,,"S,R2,M1,P,D1,Ṡ","Ṡ,N3,D1,P,M1,G3,R2,S",
saurAshTram,,17,,,"S,R1,G3,M1,P,M1,D2,N3,Ṡ","Ṡ,N3,D2,N2,D2,P,M1,G3,R1,S",
sauvIram,,47,,,"S,R1,G2,M2,P,D2,N3,Ṡ","Ṡ,N3,D2,P,M2,G2,R1,S",
sAveri,,15,,,"S,R1,M1,P,D1,Ṡ","Ṡ,N3,D1,P,M1,G3,R1,S",
sAvithri,,28,,,"S,G3,M1,P,N2,Ṡ","Ṡ,N2,P,M1,G3,S",
senAgrani,,7,,,"S,R1,G2,R1,M1,G2,M1,P,N1,D1,Ṡ","Ṡ,N1,D1,P,M1,G2,M1,G2,R1,S",
sEnavati,7,NULL,Netra,,"S,R1,G2,M1,P,D1,N1,S","S,N1,D1,P,M1,G2,R1,S",
sEshanAdam,,57,,,"S,R2,G2,M2,P,D1,Ṡ","Ṡ,N3,D1,P,M2,G2,R2,S",
shaDvidhamArgiNi,46,NULL,Vasu,,"S,R1,G2,M2,P,D1,N2,S","S,N2,D1,P,M2,G2,R1,S",
shaNmukhapriya,56,NULL,Disi,,"S,R2,G2,M2,P,D1,N2,S","S,N2,D1,P,M2,G2,R2,S",
shanmukhi (trimUrti),,56,,,"S,R1,G2,M2,D1,N2,Ṡ","Ṡ,N2,D1,M2,G2,R1,S",
shAnthabhAshini,,10,,,"S,R1,G2,M1,P,D2,Ṡ","Ṡ,N2,D2,P,M1,S",
shAnthakaLyANi,,65,,,"S,R2,G3,M2,P,D2,N3,Ṡ","Ṡ,N3,D2,P,M2,G3,R2,S",
sharabadhvAja,,53,,,"S,R1,G3,M2,P,D2,Ṡ","Ṡ,D2,P,G3,R1,S",
sharadabharana,,34,,,"S,M1,G3,M1,P,M1,D2,N2,Ṡ","Ṡ,N2,D2,M1,P,M1,R3,S",
SAradapriya,,20,,,"S,R2,G2,P,N2,Ṡ","Ṡ,N2,P,G2,R2,S",
Saradhyuti,,54,,,"S,R1,G3,M2,P,D3,N3,D3,Ṡ","Ṡ,N3,D3,P,M2,G3,R1,S",
sharAvati,,25,,,"S,R2,G3,M1,P,D1,N1,D1,Ṡ","Ṡ,N1,D1,P,M1,G3,R2,S",
SEkharacandrikA,,45,,,"S,R1,G2,M2,D1,N3,Ṡ","Ṡ,N3,D1,M2,G2,R1,S",
SenchukAmbhOji,,28,,,"S,P,M1,D2,N2,Ṡ","Ṡ,N2,D2,P,M1,G3,R2,S",
shilangi,,65,,,"S,G3,M2,P,N3,Ṡ","Ṡ,N3,P,M2,G3,S",
SOkavarALi,,35,,,"S,G3,D2,N3","D2,P,M1,G3,R3,S",
SrAvanamallika,,8,,,"S,G2,M1,P,D1,N2,Ṡ","Ṡ,N2,D1,P,M1,G2,R1,S",
shrothasvini,,21,,,"S,G2,M1,P,N3,Ṡ","Ṡ,N3,P,M1,G2,S",
Srutiranjani,,61,,,"S,R2,G3,M2,P,D1,N1","N1,D1,P,M2,G3,R2,S",
shUlini,35,NULL,Rutu,,"S,R3,G3,M1,P,D1,N2,S","S,N2,D1,P,M1,G3,R3,S",
siddhasEna,,22,,,"S,G2,R2,G2,M1,P,D2,Ṡ","Ṡ,N2,D2,M1,P,M1,R2,G2,R2,S",
sImantinipriya,,52,,,"S,R1,G3,M2,D2,N2,Ṡ","Ṡ,N2,D2,M2,G3,R1,S",
simhala,,18,,,"S,R1,G3,M1,P,D3,N3,Ṡ","Ṡ,N3,D3,N3,P,M1,G3,R1,S",
simhArava,,57,,,"S,R2,M2,P,N2,Ṡ","Ṡ,N2,P,M2,R2,G2,R2,S",
simhavAhini,,27,,,"S,G2,M1,P,D1,N3,Ṡ","Ṡ,N3,D1,P,M1,G3,R2,S",
simhEndramadhyamam,57,NULL,Disi,sumadhyuti,"S,R2,G2,M2,P,D1,N3,S","S,N3,D1,P,M2,G2,R2,S",
simhavikrama,,28,,,"S,R2,G3,R2,M1,P,D2,P,N2,Ṡ","Ṡ,N2,D2,P,M1,G3,R2,S",
sindhu,,29,,,"S,M1,P,D2,Ṡ","Ṡ,N3,D2,M1,P,M1,G3,R2,S",
sindhubhairavi,,8,,,"S,R2,G2,M1,G2,P,D1,N2,S","N2,D1,P,M1,G2,R1,S,N2,S","R2,G3,M2,D2,N3"
sindhudhanyAsi,,20,,,"S,G2,M1,P,N2,Ṡ","Ṡ,N2,D1,M1,P,M1,G2,R2,S",
sindhugauri,,7,,,"S,R1,G2,M1,P,D1,N1,Ṡ","Ṡ,N1,D1,M1,G2,M1,R1,S",
sindhukannada,,28,,,"S,M1,G3,M1,R2,G3,M1,P,D2,P,Ṡ","Ṡ,N2,D2,P,M1,G3,R2,S",
sindhumandAri,,29,,,"S,R2,G3,M1,P,Ṡ","Ṡ,N3,D2,P,G3,M1,P,M1,R2,S",
sindhurAmakriya,,15,,,"S,G3,M1,P,D1,N3,Ṡ","Ṡ,N3,P,M1,G3,R1,G3,S",
sindhusurutti,,28,,,"S,R2,M1,P,N2,S,S,N2,Ṡ","Ṡ,N2,D2,P,M1,R2,M1,G3,R2,S",
SivakAmbhOji,,28,,,"S,R2,G3,M1,N2,Ṡ","Ṡ,N2,P,M1,G3,R2,S",
SivaManOhari,,26,,,"S,M1,G3,M1,P,D1,N2,Ṡ","Ṡ,N2,D1,P,M1,G3,R2,S",
SivapantuvarALi,,45,,,"S,R1,G2,M2,P,D1,N3,Ṡ","Ṡ,N3,D1,P,M2,G2,R1,S",
Sivapriya,,22,,,"S,R2,G2,P,D2,Ṡ","Ṡ,D2,P,G2,R2,S",
Sivaranjani (Original),,64,,,"S,R2,G3,M2,D2,P,N2,Ṡ","Ṡ,N2,D2,P,D2,M2,G3,R2,S",
Sivaranjani,,22,,,"S,R2,G2,P,D2,Ṡ","Ṡ,D2,P,G2,R2,S",
SivaSakti,,10,,,"S,G2,M1,D2,Ṡ","Ṡ,N2,D2,M1,G2,S",
skandamanOrama,,63,,,"S,R2,M2,P,N3,Ṡ","Ṡ,N3,P,M2,R2,S",
sOma,,14,,,"S,R1,P,M1,D1,N2,Ṡ","Ṡ,N2,D1,M1,P,M1,G3,R1,S",
srimanOhari,,22,,,"S,G2,R2,G2,M1,P,D2,Ṡ","Ṡ,D2,P,M1,G2,R2,S",
srimanOranjani,,22,,,"S,G2,M1,D2,N2,Ṡ","Ṡ,N2,D2,M1,G2,R2,S",
srinAbhomArgini,,16,,,"S,G3,M1,P,D2,N2,Ṡ","Ṡ,D2,P,M1,G3,R1,S",
srinavarasacandrika,,20,,,"S,R2,G2,M1,P,D1,Ṡ","Ṡ,D1,P,M1,G2,R2,S",
sri,,22,,,"S,R2,M1,P,N2,Ṡ","Ṡ,N2,P,D2,N2,P,M1,R2,G2,R2,S",
srikAnti,,46,,,"S,G2,M2,P,D2,N2,Ṡ","Ṡ,N2,D2,P,M2,G2,S",
srImani,,2,,,"S,R1,G1,P,D1,Ṡ","Ṡ,N2,D1,P,G1,R1,S",
SrImati,,2,,,"S,R1,G1,P,D1,Ṡ","Ṡ,N2,D1,P,G1,R1,S",
SrImati,,8,,,"S,G2,R1,G2,M1,P,D1,P,D2,N2,Ṡ","Ṡ,N2,D1,P,M1,P,M1,G2,R1,S",
SrIrangapriya,,27,,,"S,R2,G3,M1,P,D1,Ṡ","Ṡ,D1,P,M1,G3,R2,S",
SrIranjani,,22,,,"S,R2,G2,M1,D2,N2,Ṡ","Ṡ,N2,D2,M1,G2,R2,S",
SthavarAjam,,46,,,"S,R1,M2,P,D2,Ṡ","Ṡ,N2,D2,M2,G2,S",
SubhapantuvarALi,45,NULL,Vasu,,"S,R1,G2,M2,P,D1,N1,S","S,N1,D1,P,M2,G2,R1,S",
subhAshini,,16,,,"S,D2,N2,D,R1,G3,M1,P","M1,G3,R1,S,N2,D2,N2,S",
sucaritra,67,NULL,Aditya,,"S,R3,G3,M2,P,D1,N1,S","S,N1,D1,P,M2,G3,R3,S",
Suddha bangAla,,22,,,"S,R2,M1,P,D2,Ṡ","Ṡ,D2,P,M1,R2,G2,R2,S",
Suddha bhairavi,,22,,,"S,G2,M1,P,N2,D2,Ṡ","Ṡ,N2,D2,M1,G2,R2,S",
Suddha Desi,,20,,,"S,R2,G2,R2,M1,P,D1,N2,Ṡ","Ṡ,N2,D1,P,M1,G2,R2,S",
Suddha dhanyAsi,,22,,,"S,G2,M1,P,N2,Ṡ","Ṡ,N2,P,M1,G2,S",
Suddha gAndhAri,,48,,,"S,R1,G2,M2,N3,Ṡ","Ṡ,N3,D3,N3,S,N3,P,M2,R1,S",
Suddha gauLa,,17,,,"S,R1,M1,P,N3,Ṡ","Ṡ,N3,P,M1,R1,S",
Suddha hindOLam,,22,,Varamu,"S,G2,M1,D2,N2,Ṡ","Ṡ,N2,D2,M1,G2,S",
Suddha kAmbhOji,,14,,,"S,G3,R1,M1,P,N2,Ṡ","Ṡ,N2,P,M1,G3,R1,S",
Suddha khamAs,,28,,,"S,M1,G3,M1,P,D2,N2,Ṡ","Ṡ,N2,D2,P,M1,G3,R2,S",
Suddha KoSala,,65,,,"S,G3,M2,P,Ṡ","Ṡ,N3,D2,M2,G3,R2,S",
Suddha lalita,,11,,,"S,P,M1,D2,N3,Ṡ","Ṡ,N3,S,D2,P,M1,G2,R1,S",
Suddha mAlavi,,29,,,"S,R2,G3,M1,P,N3,Ṡ","Ṡ,D2,N3,P,M1,G3,R2,S",
Suddha manOhari,,22,,,"S,R2,G2,M1,P,D2,Ṡ","Ṡ,N2,P,M1,R2,G2,S",
Suddha mukhAri,,1,,,"S,R1,M1,P,D1,Ṡ","Ṡ,N1,D1,P,M1,G1,R1,S",
Suddha SAlavi,,20,,,"S,G2,M1,P,N2,Ṡ","Ṡ,N2,P,M1,R2,S",
Suddha SArang {Hindustani},,65,,,"N3,S,R2,M2,P,N3,Ṡ","Ṡ,N3,D2,P,M2,P,M1,R2,S,N3,S",M1
Suddha sArang,,29,,,"S,R2,G3,M1,P,D2,N3,D2,Ṡ","Ṡ,D2,P,M1,R2,G3,R2,S",
Suddha sAranga,,62,,,"S,G3,M2,P,N2,Ṡ","Ṡ,D1,P,M2,G3,S",
Suddha sAveri,,29,,,"S,R2,M1,P,D2,Ṡ","Ṡ,D2,P,M1,R2,S",
Suddha sImantini,,8,,,"S,R1,G2,M1,P,D1,Ṡ","Ṡ,D1,P,M1,G2,R1,S",
Suddha tODi,,8,,,"S,R1,G2,M1,D1,N2,Ṡ","Ṡ,N2,D1,M1,G2,R1,S",
Suddha varALi,,28,,,"S,R2,G3,M1,D2,N2,Ṡ","Ṡ,N2,D2,N2,P,M1,G3,S",
Suddha vasanta,,29,,,"S,R2,G3,M1,P,N3,Ṡ","Ṡ,N3,D2,N3,P,M1,G3,S",
Suddha velAvali,,22,,,"S,R2,M1,P,N2,Ṡ","Ṡ,N2,D2,N2,P,M1,G2,R2,S",
Suddha,,28,,,"S,R2,M1,P,D2,Ṡ","Ṡ,N2,D2,P,M1,R2,S",
Suddha,,57,,,"S,R2,G2,M2,P,N3,Ṡ","Ṡ,N3,P,M2,G2,R2,S",
SuddhakriyA,,54,,,"S,R1,M2,M2,P,D3,Ṡ","Ṡ,D3,P,M2,G3,R1,S",
SuddhatarangiNi,,28,,,"S,R2,M1,P,D2,Ṡ","Ṡ,N2,D2,P,M1,G3,R2,S",
sudharmiNi,,49,,,"S,R1,M2,P,D1,N1,Ṡ","Ṡ,N1,D1,M1,G3,R2,S",
suguNabhUshaNi,,22,,,"S,G2,M1,P,M1,D2,N2,Ṡ","Ṡ,N2,D2,P,M1,D2,M1,R2,S",
sukhakari,,52,,,"S,R1,S,P,D2,N2,Ṡ","Ṡ,N2,D2,P,M2,G3,S,R1,S",
Sukrajyoti,,26,,,"S,R2,G3,M1,P,D1,N2,Ṡ","Ṡ,N2,P,D1,M1,G3,R2,S",
sukumAri,,20,,,"S,G2,M1,P,N2,D1,N2,Ṡ","Ṡ,N2,P,M1,G2,M1,R2,S",
sumanapriya,,28,,,"S,R2,G3,M1,P,D2,P,Ṡ","Ṡ,D2,S,P,M1,G3,R2,S",
sumanasaranjani,,56,,,"S,G2,M2,P,N2,Ṡ","Ṡ,N2,P,M2,G2,S",
sumukham,,69,,,"S,R3,M2,N3,Ṡ","Ṡ,N3,M2,R3,S",
sunAdapriya,,57,,,"S,R2,G2,M2,P,Ṡ","Ṡ,N3,D1,P,M2,G2,R2,S",
sunAdavinOdini,,65,,,"S,G3,M2,D2,N3,Ṡ","Ṡ,N3,D2,M2,G3,S",
sundaramanOhari,,23,,,"S,R2,M1,P,N3,Ṡ","Ṡ,N3,D2,P,M1,G2,R2,S",
sundarAngi,,54,,,"S,R1,G3,P,D3,N3,Ṡ","Ṡ,N3,D3,P,G3,R1,S",
supOshiNi,,28,,,"S,R2,S,M1,P,N2,D2,Ṡ","Ṡ,D2,P,M1,R2,M1,S",
supradIpam,,17,,,"S,R1,M1,P,D2,N3,Ṡ","Ṡ,N3,D2,P,M1,G3,M1,R1,S",
suranandini,,29,,,"S,R2,G3,P,D2,N3,Ṡ","Ṡ,N3,D2,P,G3,R2,S",
suraranjani,,29,,,"S,G3,P,R2,M1,D2,Ṡ","Ṡ,N3,D2,P,M1,G3,R2,S",
surasena,,27,,,"S,R2,M1,P,D1,Ṡ","Ṡ,N3,D1,P,M1,G3,S,R2,S",
surasindhu,,15,,,"S,M1,G3,M1,P,D1,N3,D1,Ṡ","Ṡ,N3,D1,P,M1,R1,G3,R1,S",
suraTi,,28,,,"S,R2,M1,P,N2,D2,N2,Ṡ","Ṡ,N2,D2,P,M1,G3,P,M1,R2,S",
sUrya,,14,,,"S,G3,M1,D1,N2,Ṡ","Ṡ,N2,D1,M1,G3,S",
sUryakAntam,17,NULL,Agni,,"S,R1,G3,M1,P,D2,N3,S","S,N3,D2,P,M1,G3,R1,S",
sUryavasantam,,35,,,"S,M1,G3,M1,D2,N3,Ṡ","Ṡ,N3,D2,M1,G3,R3,S",
sushama,,20,,,"S,R2,M1,P,D1,Ṡ","Ṡ,D1,P,M1,R2,S",
sUtradhAri,,20,,,"S,R2,M1,P,D1,S","S,D1,P,M1,R2,S",
suvarnadIpakam,,43,,,"S,R1,G2,M2,P,D1,Ṡ","Ṡ,D1,P,M2,G2,R1,S",
suvarnakriyA,,28,,,"S,R2,G3,P,N2,D2,Ṡ","Ṡ,N2,P,G3,R2,S",
suvarnangi,47,NULL,Vasu,,"S,R1,G2,M2,P,D1,N3,S","S,N3,D1,P,M2,G2,R1,S",
svadhya,,2,,,"S,R1,M1,P,N2,Ṡ","Ṡ,N2,D1,P,M1,R1,S",
svarabhUshaNi,,22,,,"S,G2,M1,P,D2,N2,Ṡ","Ṡ,N2,D2,P,M1,R2,S",
svarakalAnidhi,,22,,,"S,M1,G2,M1,P,D2,N2,Ṡ","Ṡ,N2,D2,N2,P,M1,G2,R2,S",
svaramanjari,,50,,,"S,G3,M2,P,D1,Ṡ","Ṡ,N2,D1,P,M2,G3,S",
svararanjani,,22,,,"S,R2,G2,M1,D2,N2,Ṡ","Ṡ,N2,P,M1,G2,M1,R2,S",
svarAvali,,28,,,"S,M1,G3,M1,P,N2,D2,N2,Ṡ","Ṡ,N2,D2,P,M1,G3,R2,S",
svaravedi,,28,,,"S,M1,G3,M1,P,N2,D2,N2,Ṡ","Ṡ,N2,D2,P,M1,G3,S",
svarnamalli,,8,,,"S,G2,M1,P,D1,N1,Ṡ","Ṡ,N2,D1,P,M1,G2,R1,S",
svayambhUshvara,,65,,,"S,G3,P,Ṡ","Ṡ,P,G3,S",
SyAmakaLyANi,,12,,,"S,M1,G2,M1,P,D3,N3,Ṡ","Ṡ,N3,P,D3,N3,P,M1,G2,R1,S",
SyAmalam,,55,,,"S,R2,G2,M2,P,D1,N1,Ṡ","Ṡ,N1,D1,P,M2,G2,R2,S",
SyAmalAngi,55,NULL,Disi,,"S,R2,G2,M2,P,D1,N1,S","S,N1,D1,P,M2,G2,R2,S",
SyAmali,,16,,,"S,G3,P,D2,N2,Ṡ","Ṡ,N2,D2,P,G3,R1,S",
takka,,15,,,"S,R1,S,G3,M1,G3,P,M1,D1,N3,Ṡ","Ṡ,N3,D1,P,M1,G3,R1,S",
tAnarUpi,6,NULL,Indu,,"S,R1,G1,M1,P,D3,N3,S","S,N3,D3,P,M1,G1,R1,S",
tAndavam,,29,,,"S,G3,P,D2,N3,Ṡ","Ṡ,N3,D2,P,G3,S",
tAndavapriya,,51,,,"S,R1,G3,M2,P,Ṡ","Ṡ,P,M2,G3,R1,S",
tanukIrti,,6,,,"S,R1,M1,P,N3,Ṡ","Ṡ,N3,D3,N3,P,M1,G1,M1,R1,S",
tArakagauLa,,15,,,"S,G3,M1,D1,N3,Ṡ","Ṡ,N3,D1,M1,G3,S",
tarangiNi,,26,,,"S,R2,G3,P,D1,N2,D1,P,D1,S","S,D1,P,G3,R2,S,G3,M1,R2,G3,S",
tarangiNi,,26,,,"S,R2,G3,P,D1,N2,D1,S","S,D1,P,M1,G3,R2,S",
tarkSika,,20,,,"S,R2,M1,P,N2,Ṡ","Ṡ,N2,D1,P,M1,R2,G2,R2,S",
tatillatika,,1,,,"S,R1,M1,P,D1,Ṡ","Ṡ,D1,P,M1,R1,S",
tavamukhAri,,22,,,"S,R2,G2,P,D2,Ṡ","Ṡ,N2,D2,P,M1,G2,R2,S",
tavapriya,,69,,,"S,R3,M2,P,N3,Ṡ","Ṡ,N3,D1,P,M2,G3,R3,S",
tilakamandAri,,70,,,"S,R3,M2,P,D2,Ṡ","Ṡ,D2,P,M2,G3,R3,S",
tilakavati,,28,,,"S,R2,G3,M1,P,D2,P,Ṡ","Ṡ,D2,P,M1,R2,S",
tillang {Hindustani},,28,,,"S,G3,M1,P,N3,Ṡ","Ṡ,N2,P,M1,G3,S",N3
tIvravAhini,,46,,,"S,R1,G2,M2,P,D2,P,N2,Ṡ","Ṡ,N2,D2,P,M2,G2,R1,G2,M2,R1,S",
tOyavEgavAhini,,16,,,"S,R1,G3,M1,P,D2,N2,Ṡ","Ṡ,N2,D2,P,M1,G3,R1,S",
trivENi,,64,,,"S,R2,M2,P,D2,N2,Ṡ","Ṡ,N2,D2,P,M2,R2,S",
tyAgarAja mangalam,,23,,,"S,G2,M1,P,N3,Ṡ","Ṡ,N3,D2,P,M1,G2,R2,S",
udayarAga,,20,,,"S,G2,M1,P,N2,Ṡ","Ṡ,N2,P,M1,G2,S",
udayaravicandrika,,9,,,"S,G2,M1,P,N2,Ṡ","Ṡ,N2,P,M1,G2,S",
umAbharaNam,,28,,,"S,R2,G3,M1,P,D2,N2,Ṡ","Ṡ,N2,P,M1,R2,G3,M1,R2,S",
Urmika,,57,,,"S,R2,G2,M2,P,N3,Ṡ","Ṡ,N3,P,M2,G2,R2,S",
ushAbharaNam,,26,,,"S,G3,M1,D1,P,M1,D1,N2,Ṡ","Ṡ,N2,D1,P,M1,G3,R2,G3,M1,R2,S",
ushAvali,,15,,,"S,R1,M1,P,D1,Ṡ","Ṡ,N3,D1,M1,P,M1,R1,S",
utthari,,64,,,"S,G3,M2,P,D2,N2,Ṡ","Ṡ,N2,D2,M2,G3,S",
vAcaspati,64,NULL,Rudra,,"S,R2,G3,M2,P,D1,N3,S","S,N3,D1,P,M2,G3,R2,S",
vAgadIsvari,34,NULL,Rutu,,"S,R3,G3,M1,P,D1,N1,S","S,N1,D1,P,M1,G3,R3,S",
vAgISvari,,1,,,"S,R1,G1,M1,P,D1,Ṡ","Ṡ,D1,M1,P,G1,R1,S",
vaiSalini,,46,,,"R1,G2,M2,D2,N2","N2,D2,M2,G2,R1",
vaishaka,,53,,,"S,R1,G3,M2,P,D2,N3,Ṡ","Ṡ,N3,D2,N3,P,M2,G3,M2,R1,S",
vaishNavi,,28,,,"S,R2,G3,M1,P,D2,Ṡ","Ṡ,D2,P,M1,G3,R2,S",
vajrakAnti,,22,,,"S,G2,M1,P,N2,Ṡ","Ṡ,N2,D1,P,M1,G2,R2,S",
vakuLAbharaNam,14,NULL,Agni,,"S,R1,G3,M1,P,D1,N2,S","S,N2,D1,P,M1,G3,R1,S",
valaji,,16,,,"S,G3,P,D2,N2,Ṡ","Ṡ,N2,D2,P,G3,S",
vallabhi,,29,,,"S,R2,G3,M1,P,D2,N3,Ṡ","Ṡ,N3,D2,N3,D2,P,M1,P,G3,M1,R2,S",
vamSavati,,54,,,"S,R1,G3,M2,P,D3,N3,Ṡ","Ṡ,N3,P,M2,G3,R1,S",
vanaspati,4,NULL,Indu,,"S,R1,G1,M1,P,D2,N2,S","S,N2,D2,P,M1,G1,R1,S",
vanAvaLi,,4,,,"S,R1,M1,P,D2,N2,Ṡ","Ṡ,D2,P,M1,R1,S",
vandanadhAriNi,,65,,,"S,R2,M2,P,D2,Ṡ","Ṡ,D2,P,M2,R2,S",
varada,,59,,,"S,R2,M2,P,N3,Ṡ","Ṡ,N3,P,M2,R2,S",
varALi,,39,,,"S,G1,R1,G1,M2,P,D1,N3,Ṡ","Ṡ,N3,D1,P,M2,G1,R1,S",
vardhani,,11,,,"S,G2,M1,P,M1,P,D2,N3,Ṡ","Ṡ,N3,D2,P,M1,G2,R1,S",
varuNapriya,24,NULL,Veda,,"S,R2,G2,M1,P,D3,N3,S","S,N3,D3,P,M1,G2,R2,S",
vasanta,,17,,,"S,M1,G3,M1,D2,N3,Ṡ","Ṡ,N3,D2,M1,G3,R1,S",
vasantabhairavi,,14,,,"S,R1,G3,M1,D1,N2,Ṡ","Ṡ,N2,D1,M1,P,M1,G3,R1,S",
vasantamalai,,29,,,"S,R2,M1,P,N3,Ṡ","Ṡ,D2,P,M1,R2,S",
vasantamalli,,11,,,"S,G2,M1,P,N3,Ṡ","Ṡ,D2,P,M1,G2,S",
vasantamanOhari,,21,,,"S,R2,G2,M1,D1,N3,Ṡ","Ṡ,N3,D1,M1,G2,R2,S",
vasantamukhAri,,14,,,"S,M1,G3,M1,P,D1,N2,Ṡ","Ṡ,N2,D1,P,M1,G3,R1,S",
vasantanArAyaNi,,11,,,"S,R1,G2,M1,P,Ṡ","Ṡ,N3,D2,P,M1,G2,R1,S",
vasantaSrI,,23,,ambAmanOhari,"S,R2,G2,M1,D2,N3,Ṡ","Ṡ,N3,D2,M1,G2,R2,S",
vasantatODi,,9,,,"S,R1,G2,M1,D1,N3,Ṡ","Ṡ,N3,D1,M1,R1,S",
vasantavarALi,,20,,,"S,R2,M1,P,D1,Ṡ","Ṡ,N2,D1,P,G2,R2,S",
vAsanti,,27,,,"S,R2,G3,P,D1,Ṡ","Ṡ,D1,P,G3,R2,S",
vasukari,,56,,,"S,G2,M2,P,D1,N2,Ṡ","Ṡ,N2,D1,M2,G2,S",
vAtI Vasantabhairavi,,14,,,"S,R1,G3,M1,D1,N2,Ṡ","Ṡ,N2,D1,M1,G3,R1,S",
vedhAndhagamana,,29,,,"S,G3,M1,P,N3,Ṡ","Ṡ,N3,P,M1,G3,S",
vedhasvarUpi,,52,,,"S,R1,G3,M2,P,D2,N3,P,Ṡ","Ṡ,N3,D2,P,N3,P,M2,G3,S",
vegavAhini,,16,,,"S,R1,G3,M1,D2,N2,D2,Ṡ","Ṡ,N2,D2,P,M1,G3,R1,S",
velAvali,,23,,,"S,G2,M1,D2,N3,S","S,N3,D2,P,M1,G2,R2,S",
velAvali,,23,,,"S,G2,R2,M1,P,D2,S","S,N3,D2,P,M1,G2,R2,S",
velAvali,,23,,,"S,R2,G2,M1,P,D2,S","S,N3,D2,P,M1,G2,S",
velAvali,,23,,,"S,R2,G2,S,R2,M1,P,D2,S","S,N3,D2,P,M1,G2,R2,S",
velAvali,,23,,,"S,R2,M1,P,D2,N3,S","S,N3,D2,P,M1,G2,R2,S",
velAvali,,23,,,"S,R2,M1,P,D2,S","S,N3,D2,P,M1,G2,R2,S",
vijayabhUshAvali,,43,,,"S,R1,G3,M2,P,Ṡ","Ṡ,N3,D3,P,M2,G3,R1,S",
vijayakoSalam,,66,,,"S,R2,G3,M2,P,Ṡ","Ṡ,N3,P,M2,G3,S",
vijayamAlavi,,55,,,"S,R2,M2,P,D1,Ṡ","Ṡ,N1,D1,P,M2,R2,S",
vijayanAgari,,59,,,"S,R2,G2,M2,P,D2,Ṡ","Ṡ,D2,P,M2,G2,R2,S",
vijayasAranga,,57,,,"S,R2,G2,M2,P,D2,Ṡ","Ṡ,N2,D2,M2,G2,R2,S",
vijayasarasvati,,57,,,"S,G2,M2,P,D1,N3,Ṡ","Ṡ,N3,P,M2,G2,R2,S",
vijayashrAngi,,57,,,"S,R2,G2,M2,P,D2,Ṡ","Ṡ,N2,D2,M2,G2,R2,S",
vijayasri,,47,,,"S,R1,G2,M2,P,N2,Ṡ","Ṡ,N2,P,M2,G2,R1,S",
vijayavasantam,,54,,,"S,M2,P,D3,N3,Ṡ","Ṡ,N3,P,M2,G3,S",
vijayollAsini,,14,,,"S,R1,G3,M1,P,M1,D1,N2,Ṡ","Ṡ,N2,D1,P,M1,G3,R1,S",
vikhavati,,34,,,"S,R3,G3,P,D2,Ṡ","Ṡ,D2,P,G3,R3,S",
vilAsini,,29,,,"S,R2,G3,M1,P,N3,Ṡ","Ṡ,N3,P,M1,G3,R2,S",
vINAdhAri,,16,,,"S,R1,G3,P,D2,N2,Ṡ","Ṡ,N2,D2,P,M1,G3,R1,S",
vINavadini,,28,,,"S,R2,G3,P,N2,Ṡ","Ṡ,N2,P,G3,R2,S",
vIrapratApa,,29,,,"S,G3,M1,P,D2,Ṡ","Ṡ,N3,D2,P,M1,G3,R2,S",
vIravasantam,,24,,,"S,R2,G2,M1,P,Ṡ","Ṡ,N3,D3,P,M1,G2,R2,S",
vishArada,,15,,,"S,R1,M1,P,N3,Ṡ","Ṡ,N3,P,M1,R1,S",
visvambhari,54,NULL,Brahma,,"S,R1,G3,M2,P,D2,N2,S","S,N2,D2,P,M2,G3,R1,S",
viSveSvarapriya,,59,,,"S,R2,M2,P,N3,Ṡ","Ṡ,N3,D2,P,M2,R2,S",
viTThalapriya,,4,,,"S,R1,M1,P,D2,Ṡ","Ṡ,D2,P,M1,R1,S",
vivAhapriya,,65,,,"S,R2,M2,P,D2,N3,Ṡ","Ṡ,N3,D2,P,M2,R2,S",
vivardhani,,28,,,"S,R2,M1,P,Ṡ","Ṡ,N2,D2,P,M1,G3,R2,S",
yadukula kAmbhOji,,28,,,"S,R2,M1,P,D2,Ṡ","Ṡ,N2,D2,P,M1,G3,R2,S",
yAgapriya,31,NULL,Rutu,,"S,R3,G3,M1,P,D1,N3,S","S,N3,D1,P,M1,G3,R3,S",
yAgini,,57,,,"S,R2,M2,P,N2,Ṡ","Ṡ,N2,P,M2,R2,S",
yamunA kaLyANi,,65,,,"S,R2,G3,M2,P,D2,N3,Ṡ","Ṡ,N3,D2,P,M2,G3,M1,G3,R2,S",M1